B1,B2,B3,B4,B5,B6,B7,EVI,NBR,NDMI,NDWI,NDBI,NDBaI,elevation,classvalue,sample
0.05702874999999999,0.06441250000000001,0.08303000000000002,0.09418125,0.19345625,0.20211874999999999,0.17008125,0.1945881845623114,0.0642987312175498,-0.02189850218037032,-0.3993914706427533,0.02189850218037032,0.08607603439011284,470,1,train
0.04652375,0.053041249999999984,0.0691425,0.06695625,0.2341975,0.21001125,0.15363625,0.3376903898584605,0.20772109183380766,0.05444793692154869,-0.5441254038372784,-0.05444793692154869,0.15502650231336668,472,1,train
0.040624999999999994,0.043155,0.06347750000000002,0.06083749999999999,0.24858000000000002,0.19512000000000002,0.13541750000000002,0.36385827275246774,0.29469592900995445,0.12048681541582151,-0.5931679257829086,-0.12048681541582151,0.18062247097530532,479,1,train
0.05135000000000001,0.05497999999999997,0.0761,0.06977499999999998,0.23760750000000003,0.2106575,0.157555,0.3373090442818297,0.20258121658811254,0.0601206875397366,-0.5148346788011126,-0.0601206875397366,0.14421699426282378,478,1,train
0.07068249999999998,0.07818999999999998,0.10150999999999999,0.11459999999999998,0.21563500000000002,0.3106475,0.2862825,0.19181772617158138,-0.14075520379345205,-0.18053516884942972,-0.35985117217676466,0.18053516884942972,0.04081718124403201,888,1,train
0.15061125,0.16444375,0.16218875,0.146995,0.25962125,0.360285,0.361055,0.310004465941519,-0.16342457118344705,-0.16238544134697783,-0.23098670017306377,0.16238544134697783,-0.001067457786896599,880,1,train
0.10571749999999999,0.11717125,0.11906875,0.12041625,0.22196000000000002,0.3533,0.34082875,0.23821504835265508,-0.21121379913866434,-0.22831415360011123,-0.3017084336731141,0.22831415360011123,0.01796676769259304,884,1,train
0.036610000000000004,0.04587749999999999,0.08173750000000002,0.08162750000000002,0.2604325,0.1945425,0.12502249999999998,0.3179057919286545,0.3512991140340637,0.14482114401890214,-0.5222404068153257,-0.14482114401890214,0.21754572622158255,783,1,train
0.036169999999999994,0.044365,0.07443625000000001,0.0711775,0.2689575,0.18522,0.12137875000000001,0.3626901198208739,0.378081077532512,0.1843717489307595,-0.5664670658682635,-0.1843717489307595,0.20822410397954977,779,1,train
0.04486,0.05764749999999999,0.08186125,0.08837875,0.1710025,0.19982250000000001,0.1746875,0.16278376767622038,-0.010659839740808221,-0.07771860041798695,-0.35252680544364307,0.07771860041798695,0.06711436276734939,972,1,train
0.04030874999999999,0.053550000000000014,0.08259,0.09033125,0.16544750000000003,0.18766750000000001,0.1712225,0.14381159969674,-0.017153295511925546,-0.06292567577134923,-0.33405231063851243,0.06292567577134923,0.04582183956086827,972,1,train
0.034629999999999994,0.04327874999999999,0.08149,0.08476249999999999,0.30407500000000004,0.2355725,0.15580875,0.36845387973850174,0.32239941072064415,0.12693934466480442,-0.5772956570228107,-0.12693934466480442,0.2038006419571709,972,1,train
0.03182499999999999,0.03852124999999999,0.06929375000000002,0.06430250000000001,0.304295,0.21153750000000002,0.13466124999999998,0.4281908238515094,0.38644796605584275,0.17982096901610495,-0.6290372769522635,-0.17982096901610495,0.2220581385692468,973,1,train
0.045520000000000005,0.05159750000000002,0.08366249999999997,0.08693499999999998,0.2756675,0.22416000000000003,0.168335,0.33456179862918883,0.24173850372464117,0.10305055244059197,-0.5343416914813682,-0.10305055244059197,0.14223111122434684,975,1,train
0.03231999999999999,0.036087499999999995,0.061112500000000014,0.06394499999999997,0.23672749999999998,0.17980249999999998,0.11669000000000002,0.3200289314711246,0.33964786689962995,0.13666482606294866,-0.5896286596830512,-0.13666482606294866,0.21286373179760015,572,1,train
0.03960749999999999,0.046262499999999984,0.0683725,0.07068249999999998,0.2225375,0.21621250000000003,0.15937,0.29210440008040545,0.16539999869078242,0.014415954415954346,-0.5299405314358393,-0.014415954415954346,0.15134491090506083,573,1,train
0.030257499999999993,0.035564999999999986,0.05709750000000002,0.07038,0.23144750000000003,0.18560500000000002,0.138305,0.29031842334840197,0.2519049905004023,0.10992021388194533,-0.6042385069919769,-0.10992021388194533,0.14602821771479732,487,1,train
0.03209999999999999,0.040157499999999985,0.06988499999999997,0.09180250000000001,0.2748975,0.2428325,0.16795,0.30024802705749715,0.24149961329803155,0.06193382651188845,-0.5946139957799483,-0.06193382651188845,0.18229233231698044,490,1,train
0.04425499999999999,0.050854999999999984,0.09045500000000001,0.1579125,0.29049,0.29423,0.2361225,0.17852646235428302,0.10324004842270172,-0.0063962238336297125,-0.5251020488521965,0.0063962238336297125,0.10956392210840898,492,1,train
0.021718749999999995,0.028593749999999987,0.05356374999999999,0.04209625,0.3185675,0.1647325,0.08755374999999999,0.5094584391168406,0.5688295059665064,0.31830126215601073,-0.7121244184679464,-0.31830126215601073,0.3059173855095156,773,1,train
0.02820874999999999,0.030917499999999987,0.05185874999999998,0.04422749999999999,0.30226000000000003,0.17448125,0.0956525,0.4829378763703742,0.5192284735965822,0.26802537015624306,-0.707110962071339,-0.26802537015624306,0.2918137774343265,911,1,train
0.02820874999999999,0.030917499999999987,0.05185874999999998,0.04422749999999999,0.30226000000000003,0.17448125,0.0956525,0.4829378763703742,0.5192284735965822,0.26802537015624306,-0.707110962071339,-0.26802537015624306,0.2918137774343265,911,1,train
0.02078374999999999,0.02296999999999999,0.04560249999999999,0.031178750000000005,0.33021375000000003,0.15094125,0.07288250000000002,0.5558224884736094,0.6383866136189558,0.3725878355207782,-0.7573149112099331,-0.3725878355207782,0.34875097035055475,929,1,train
0.024468749999999997,0.026668750000000005,0.04689499999999999,0.038218749999999996,0.30215000000000003,0.15871000000000002,0.08730625,0.49557225105207464,0.5516505384109255,0.311244195634249,-0.7312953917116704,-0.311244195634249,0.2902399739854583,924,1,train
0.02379500000000001,0.028057499999999985,0.04950750000000001,0.04224749999999999,0.33278500000000005,0.17182750000000002,0.09666999999999998,0.5279279639419955,0.5498014925894449,0.3189724788823107,-0.7409967498708451,-0.3189724788823107,0.2799188074376858,903,1,train
0.023629999999999998,0.026476249999999993,0.04619374999999999,0.037709999999999994,0.3143875,0.15616624999999998,0.08417124999999998,0.5153910384148433,0.5776218687960057,0.33624479668900736,-0.7437817412857713,-0.33624479668900736,0.2995579133510169,896,1,train
0.021815,0.024180000000000007,0.04419999999999999,0.03130250000000001,0.3355075,0.150185,0.07582499999999998,0.5667124326318163,0.6313201606972463,0.3815634377718412,-0.7671892180164998,-0.3815634377718412,0.32901199061988423,902,1,train
0.0353725,0.035922499999999996,0.05473250000000002,0.0534675,0.24390499999999998,0.18708999999999998,0.126095,0.3675572964767576,0.31840540540540535,0.13182287497534775,-0.633451927504081,-0.13182287497534775,0.19475709245334216,680,1,train
0.030120000000000008,0.0325675,0.05126750000000002,0.04508000000000001,0.261175,0.17350500000000002,0.10978749999999998,0.41963494216535474,0.40809381002122863,0.2016885985092481,-0.6718276162813956,-0.2016885985092481,0.22491770872861103,682,1,train
0.10720249999999998,0.120705,0.13797500000000001,0.1360225,0.23491250000000002,0.294065,0.35610500000000006,0.21577380952380962,-0.20505737985761846,-0.1118242269283665,-0.25996446649458615,0.1118242269283665,-0.09542119753295296,457,1,test
0.06397249999999999,0.07370749999999998,0.09447,0.0957075,0.23557250000000002,0.235875,0.23537999999999998,0.27816974589527343,4.0874610496820777E-4,-6.416409038121601E-4,-0.42752827287394807,6.416409038121601E-4,0.0010503867332973087,458,1,test
0.13607750000000002,0.15323750000000003,0.17765750000000002,0.19135249999999998,0.278225,0.35066,0.3077325,0.170063632546271,-0.05035774778887551,-0.11518004086597712,-0.22059960625819147,0.11518004086597712,0.06520046932490878,453,1,test
0.01604,0.01942250000000001,0.045520000000000005,0.028607500000000008,0.3223075,0.15774749999999998,0.06977499999999998,0.5445812129679677,0.6440800086716445,0.3427940548478821,-0.7524926765943275,-0.3427940548478821,0.3866540671801691,889,1,test
0.023354999999999987,0.02814,0.053302499999999975,0.046015,0.3148275,0.17787750000000002,0.097495,0.48702592821412205,0.527093476586895,0.27795536883124783,-0.7104147991198763,-0.27795536883124783,0.2919046019482701,891,1,test
0.0233825,0.02687500000000001,0.04901249999999999,0.03674749999999999,0.30685250000000003,0.15343,0.08294750000000001,0.5093341630367145,0.5744099538224731,0.33332247043934976,-0.724544419934526,-0.33332247043934976,0.2981777030385718,889,1,test
0.046729999999999994,0.05546124999999999,0.08227375,0.08307124999999999,0.20122500000000001,0.204635,0.17063124999999998,0.23010513123999168,0.08227305578432534,-0.008401911989355927,-0.41958297876092926,0.008401911989355927,0.09061233191100991,556,1,test
0.05508999999999997,0.06463249999999998,0.09045500000000001,0.097055,0.20007000000000003,0.2030675,0.1784,0.19846357615894045,0.057256849948476816,-0.007435428358810545,-0.3772997160313226,0.007435428358810545,0.06466474863520486,560,1,test
0.0448875,0.04871,0.073845,0.08429500000000001,0.2459675,0.23774499999999998,0.1731475,0.2915302985222652,0.17374706226214762,0.01699873375197048,-0.5381981629861248,-0.01699873375197048,0.1572126529445049,581,1,test
0.03528999999999999,0.03938749999999999,0.06105749999999999,0.06273499999999999,0.255235,0.18324000000000001,0.1169925,0.36015270474681266,0.37139249518103845,0.16419408176064765,-0.6139174972533336,-0.16419408176064765,0.22065399315530468,580,1,test
0.018130000000000007,0.02140249999999999,0.042550000000000004,0.032072500000000004,0.2910125,0.1594525,0.08412999999999998,0.4893309635911987,0.5514771053666274,0.29205376666333677,-0.7448753981637625,-0.29205376666333677,0.3092278796711587,1095,1,test
0.025417499999999996,0.029679999999999998,0.05408625,0.045602500000000004,0.28862,0.1652825,0.09594125,0.4535143901137251,0.501035270714353,0.27172685764013194,-0.6843579596228548,-0.27172685764013194,0.26544772441250075,1086,1,test
0.053192500000000004,0.066585,0.10606125,0.109375,0.2744575,0.22829875000000002,0.185,0.2883396095911467,0.19470244799573413,0.09181138971420047,-0.44254389566874175,-0.09181138971420047,0.104763805842626,722,1,test
0.194185,0.24048125,0.27433375,0.30264500000000005,0.40201624999999996,0.5962075,0.59360875,0.1756573478584239,-0.19243440050219718,-0.1945367959838664,-0.18878169586752416,0.1945367959838664,0.002184160789533664,724,1,test
0.10551125,0.12676874999999999,0.16454,0.1862375,0.3357275,0.39849625,0.36667875000000005,0.2487541699271035,-0.04406459936824315,-0.08548994771689146,-0.3421919273188845,0.08548994771689146,0.041581991047799444,723,1,test
0.047733750000000005,0.0658425,0.1103925,0.12692,0.2310075,0.22898625,0.18845125,0.17362863198069672,0.10145514904624119,0.004394081441323936,-0.35329525483304036,-0.004394081441323936,0.09710435693966166,940,2,train
0.05581874999999997,0.07350124999999999,0.1136925,0.12927125,0.20045500000000002,0.2129675,0.19138,0.12489927477840453,0.023160258782395717,-0.030265648337959306,-0.27618395817251457,0.030265648337959306,0.05338848391544405,955,2,train
0.034574999999999995,0.04637250000000001,0.08591749999999998,0.08704499999999998,0.2626875,0.2316125,0.14484999999999998,0.3055366864075163,0.28914517068981394,0.06286668015375282,-0.5070782117296081,-0.06286668015375282,0.2304678420825448,873,2,train
0.033365000000000006,0.04659250000000001,0.08710000000000001,0.09834749999999998,0.2546025,0.2178075,0.14146750000000002,0.26125339096050404,0.2856439518266972,0.0778878516542834,-0.4901998083127867,-0.0778878516542834,0.21248347366223633,878,2,train
0.025115,0.03333749999999999,0.06356,0.059462499999999974,0.28477,0.18997750000000002,0.11020000000000002,0.40478849023231006,0.44198293541281614,0.19966929788993096,-0.635058708695777,-0.19966929788993096,0.2657677540788367,875,2,train
0.025279999999999997,0.031907500000000005,0.06284499999999998,0.06122250000000001,0.2780325,0.21159250000000002,0.11473749999999999,0.3854917415582002,0.41575222140183826,0.13569568547357672,-0.6312751648319412,-0.13569568547357672,0.2968007844819662,976,2,train
0.02448249999999999,0.02990000000000001,0.06372499999999998,0.0563825,0.30748499999999995,0.22182249999999998,0.11718499999999998,0.4416060512264953,0.4481126521769845,0.161838817700486,-0.6566633441987016,-0.161838817700486,0.30865836301556754,980,2,train
0.027205000000000007,0.03512499999999999,0.066585,0.07370749999999998,0.270085,0.22614,0.13305250000000002,0.33884070074211864,0.33991504139406525,0.08855861756259763,-0.6044494608964268,-0.08855861756259763,0.25915769399416744,983,2,train
0.024166249999999986,0.029556249999999992,0.055639999999999995,0.05128125,0.29555,0.221575,0.11428375000000002,0.4420143813291533,0.4422921489506415,0.1430505197002659,-0.6831344856060821,-0.1430505197002659,0.319453490492655,1307,2,train
0.025169999999999998,0.030120000000000008,0.058609999999999995,0.053027500000000005,0.2956875,0.21585500000000002,0.11437999999999998,0.43708268114362697,0.4421406231900846,0.15606230176378302,-0.6691481029360918,-0.15606230176378302,0.30728117855466575,1315,2,train
0.0263525,0.030092499999999994,0.052876250000000014,0.0492875,0.20492375,0.17239125,0.10179875000000002,0.3051798887019541,0.3362159606810715,0.08622106197739288,-0.5897885958107059,-0.08622106197739288,0.2574583318137057,986,2,train
0.024551249999999997,0.028978749999999998,0.050318749999999995,0.04844875,0.19598625,0.16570875,0.10366874999999998,0.2905795884764747,0.30807929118486266,0.08371003193298225,-0.5914110553987942,-0.08371003193298225,0.23030876743603318,971,2,train
0.04924624999999999,0.058005,0.090675,0.0928475,0.290215,0.27386625,0.16665750000000001,0.3493817544542888,0.27044197232269396,0.028982970095176933,-0.5238782850691801,-0.028982970095176933,0.2433665608267431,484,2,train
0.0441725,0.0502775,0.08158625,0.08327749999999998,0.28918375,0.244235,0.1469125,0.3646249293881607,0.32623818709745844,0.08426541061783074,-0.5599091080723899,-0.08426541061783074,0.24881278801475148,478,2,train
0.06785000000000002,0.0842675,0.12793749999999998,0.15133999999999997,0.32197749999999997,0.33396750000000003,0.21954,0.2669529078722068,0.1891674784286749,-0.018278971560115643,-0.4312814642765856,0.018278971560115643,0.20673161610276286,466,2,train
0.08008749999999998,0.09534999999999999,0.13429000000000002,0.1666025,0.2957425,0.33473749999999997,0.23213499999999998,0.20430537911351657,0.1204967061486804,-0.06184970181449047,-0.37544255376047153,0.06184970181449047,0.1809974906173787,463,2,train
0.08701750000000003,0.103215,0.13923999999999997,0.16368749999999999,0.31139,0.31056500000000004,0.19446000000000002,0.24302727552442493,0.23115548087377677,0.0013264625254238082,-0.38202072653840186,-0.0013264625254238082,0.22989950992525124,465,2,train
0.026187500000000002,0.03309000000000001,0.05891249999999998,0.049589999999999995,0.2610925,0.19556,0.11649749999999998,0.4034898117642121,0.3829418151963771,0.14350627665456772,-0.6318026280839363,-0.14350627665456772,0.253358755998494,712,2,train
0.021595000000000003,0.028167499999999984,0.04978250000000001,0.04268749999999999,0.217175,0.17026000000000002,0.09933750000000002,0.3456447131884295,0.3722996722088384,0.12109127982758393,-0.627038011668524,-0.12109127982758393,0.26306809224862987,719,2,train
0.021485000000000004,0.020962499999999995,0.03971749999999999,0.023052500000000004,0.3480475,0.14080749999999997,0.05745499999999998,0.6112864014896808,0.7166232020764361,0.4239293860142579,-0.7951465449434579,-0.4239293860142579,0.4204148540445118,553,2,train
0.021485000000000004,0.020962499999999995,0.03971749999999999,0.023052500000000004,0.3480475,0.14080749999999997,0.05745499999999998,0.6112864014896808,0.7166232020764361,0.4239293860142579,-0.7951465449434579,-0.4239293860142579,0.4204148540445118,552,2,train
0.038067500000000004,0.049534999999999996,0.10431499999999999,0.1489475,0.33910999999999997,0.3234075,0.20273750000000001,0.2554186427906564,0.25168059278671573,0.023701260721414836,-0.5295032981902238,-0.023701260721414836,0.22934742323884097,1023,2,train
0.06701125,0.08865375,0.17269375,0.28965125,0.39321625,0.4938525,0.29223625,0.10498351095413448,0.14731874199889855,-0.11344808392810594,-0.3896776872647594,0.11344808392810594,0.2564802638378937,1028,2,train
0.016177499999999984,0.023464999999999986,0.06215749999999998,0.03517999999999999,0.28669500000000003,0.15411750000000002,0.07090249999999998,0.47570997607406634,0.6034508071225332,0.30075712462781795,-0.6436459535190375,-0.30075712462781795,0.3698115723046842,685,2,train
0.018184999999999993,0.025018749999999992,0.06240499999999999,0.037256250000000005,0.3004175,0.15767875,0.073185,0.49232660914838994,0.6082199664081477,0.31159117761824073,-0.6560025907985311,-0.31159117761824073,0.3659896800602087,678,2,train
0.021842499999999987,0.02470249999999999,0.049425,0.03438250000000001,0.24495,0.15153250000000001,0.08693499999999998,0.41582039947431865,0.4761137140877112,0.23561569552250095,-0.664203821656051,-0.23561569552250095,0.27088596978623936,1375,2,train
0.022474999999999995,0.025637500000000008,0.05129499999999998,0.037544999999999995,0.24893749999999998,0.15659250000000002,0.08591749999999998,0.4122555802254615,0.4868375864180019,0.2277143491233693,-0.6582981522653278,-0.2277143491233693,0.29143128118428124,1384,2,train
0.02250250000000001,0.02593999999999999,0.05214750000000001,0.0382875,0.2741275,0.16654750000000001,0.08787,0.4503161034214782,0.5145270340264781,0.24412548930617803,-0.6803463336142824,-0.24412548930617803,0.3092456297227982,1378,2,train
0.026091249999999996,0.028855000000000006,0.0567675,0.042893749999999994,0.37484625,0.216185,0.11052999999999999,0.5861586721959462,0.5445595040960494,0.2684481573520859,-0.7369523097908719,-0.2684481573520859,0.3233858255666254,1322,2,train
0.02198,0.024620000000000003,0.04882,0.034217499999999984,0.31551500000000005,0.1638525,0.0753025,0.5263130814192807,0.6146411048635233,0.31638043880738687,-0.732004885613515,-0.31638043880738687,0.3702619639982439,1365,2,train
0.022640000000000007,0.025362499999999996,0.044818750000000004,0.0368575,0.23549,0.15255,0.08491374999999998,0.3921153491200069,0.4699578266484085,0.21374085145861255,-0.6802186874294863,-0.21374085145861255,0.2848276842254871,1132,2,train
0.024991250000000007,0.02610499999999999,0.0418075,0.03772375,0.19518875,0.15058375,0.08990500000000001,0.3211621515508441,0.36929518798640787,0.12900100499605957,-0.6471885103667252,-0.12900100499605957,0.25231429744634615,1164,2,train
0.034052499999999986,0.037544999999999995,0.06446750000000001,0.05445749999999999,0.33685499999999996,0.23436250000000003,0.11787249999999999,0.5108446920704407,0.4815686317629789,0.1794281512733765,-0.6787247164063813,-0.1794281512733765,0.33071670901528816,1056,2,train
0.031082499999999985,0.03465750000000001,0.056052500000000005,0.048545000000000005,0.3141675,0.229385,0.12447249999999999,0.49353635481068925,0.43246169979937993,0.15597849333781003,-0.6971935605855977,-0.15597849333781003,0.2964823410553684,1045,2,train
0.03727,0.040624999999999994,0.060012500000000024,0.059352499999999975,0.279875,0.2740175,0.170865,0.4141104294478528,0.24184674091493988,0.010575156731676201,-0.6468684491191937,-0.010575156731676201,0.231864593460071,1074,2,train
0.02844250000000001,0.03506999999999999,0.07615499999999997,0.057042499999999996,0.37518999999999997,0.21373750000000002,0.1076975,0.5468631825744971,0.5539437239522663,0.27414664793204585,-0.6625419579257553,-0.27414664793204585,0.32989562430973607,636,2,train
0.028689999999999993,0.033997499999999986,0.07461499999999999,0.0567125,0.35800250000000006,0.21585500000000002,0.10827500000000001,0.5218783046100204,0.5355769900970988,0.24770522298654282,-0.6550532514288027,-0.24770522298654282,0.33190386573288494,614,2,train
0.02250250000000001,0.02890999999999999,0.06405499999999997,0.04678499999999999,0.35181500000000004,0.1915175,0.09510249999999998,0.5386557886557886,0.574406909552658,0.2950265261143039,-0.6919470026691035,-0.2950265261143039,0.336386155885842,717,2,train
0.023107500000000003,0.030202499999999993,0.06889499999999998,0.050854999999999984,0.34810250000000004,0.19366250000000002,0.10068500000000002,0.5208604388932259,0.5513021196000334,0.2850682491486161,-0.6695663643067405,-0.2850682491486161,0.31587664240396124,701,2,train
0.023451249999999993,0.029844999999999997,0.06588374999999999,0.04982375,0.354785,0.1947075,0.09735750000000001,0.5331900530810062,0.56935037073489,0.29131880780902375,-0.6867666067422408,-0.29131880780902375,0.3333162138565045,729,2,train
0.027548749999999997,0.030670000000000003,0.052367499999999984,0.0431275,0.29896,0.23280875,0.1392675,0.4817212096106048,0.36440547432555015,0.12439852849570418,-0.701887839693733,-0.12439852849570418,0.25140344217079164,1594,2,train
0.025197499999999984,0.028854999999999992,0.0472525,0.04043250000000001,0.3014625,0.21104250000000002,0.12230000000000002,0.4915282323211399,0.42278988820388774,0.17642754704832148,-0.7289907230833204,-0.17642754704832148,0.266220178945079,1546,2,train
0.0872925,0.1048925,0.164705,0.17677749999999998,0.358855,0.2999225,0.17587000000000003,0.27877659977600194,0.34220393660292664,0.08945736610615876,-0.3708266483306593,-0.08945736610615876,0.26072815355433293,468,2,test
0.11198750000000002,0.132035,0.192425,0.20554250000000002,0.3832475,0.35618750000000005,0.218495,0.2731838474025974,0.2737923613505777,0.03659550873301909,-0.33147753279859643,-0.03659550873301909,0.23959751688976097,469,2,test
0.01628750000000001,0.02162249999999999,0.043292499999999984,0.037132499999999985,0.2333175,0.15392499999999998,0.07783249999999997,0.37904468412943,0.4997107504419092,0.2050201101377045,-0.6869780557463577,-0.2050201101377045,0.328328101571686,1215,2,test
0.01628750000000001,0.02162249999999999,0.043292499999999984,0.037132499999999985,0.2333175,0.15392499999999998,0.07783249999999997,0.37904468412943,0.4997107504419092,0.2050201101377045,-0.6869780557463577,-0.2050201101377045,0.328328101571686,1210,2,test
0.022749999999999992,0.028634999999999994,0.04288,0.027590000000000003,0.04334750000000001,0.031852500000000006,0.02302499999999999,0.03962655601659753,0.30618855700779724,0.15285904255319152,-0.0054217042126932765,-0.15285904255319152,0.16085827524941945,233,3,train
0.0236025,0.02935,0.0399375,0.027782499999999988,0.043333750000000004,0.03325499999999999,0.023891250000000003,0.03927465170224888,0.2892153216809223,0.13159569780157024,-0.040785385111908413,-0.13159569780157024,0.1638558960561715,233,3,train
0.025197499999999998,0.029817499999999997,0.04160124999999999,0.02870375,0.04341624999999999,0.03134374999999999,0.02284625,0.03707759265932967,0.31043199396340304,0.1614834135901552,-0.021348545887611346,-0.1614834135901552,0.1568093744233252,233,3,train
0.019669999999999993,0.022062499999999985,0.034355,0.019669999999999993,0.0352625,0.026682499999999998,0.01942250000000001,0.039462145571470354,0.28965895583798096,0.13850996852046177,-0.013035515495385579,-0.13850996852046177,0.15746665220691872,233,3,train
0.018020000000000008,0.022584999999999994,0.0387825,0.01988999999999999,0.03831499999999999,0.026599999999999985,0.019394999999999996,0.04660934413000528,0.32784612718766243,0.18046676423014724,0.006063750445864128,-0.18046676423014724,0.1566474616806173,233,3,train
0.01775874999999999,0.0220625,0.03750375,0.019862500000000005,0.035248749999999995,0.02599499999999999,0.018391249999999998,0.03889522273510926,0.3142710663683818,0.15109705071946128,0.030995498436479942,-0.15109705071946128,0.17130868230589416,233,3,train
0.01170874999999999,0.015311249999999998,0.025169999999999998,0.01357875,0.018968750000000006,0.014664999999999997,0.011543749999999992,0.0136717796332336,0.24334289225727213,0.12795926710521452,0.1404944634816344,-0.12795926710521452,0.11909190632899345,233,3,train
0.011928750000000002,0.016122499999999998,0.028744999999999993,0.014142500000000002,0.021099999999999994,0.017181249999999995,0.01209375,0.01765797959212159,0.27132366785916007,0.1023673469387755,0.15337546393820847,-0.1023673469387755,0.1737830913748931,233,3,train
0.014939999999999995,0.017456250000000006,0.026476249999999993,0.01465124999999999,0.023547499999999985,0.013331249999999989,0.009151249999999986,0.022682176086605936,0.4402691234374406,0.27702267566010247,0.058547190084709946,-0.27702267566010247,0.1859223840765043,233,3,train
0.015311249999999998,0.0173325,0.02627,0.014486249999999992,0.023437499999999986,0.012767500000000001,0.00871124999999999,0.022826407102483893,0.4580660212294415,0.2947106753210879,0.056983352612785115,-0.2947106753210879,0.18884944421812316,233,3,train
0.015270000000000006,0.01716749999999999,0.026228749999999995,0.014912499999999995,0.02313499999999999,0.012671249999999995,0.008821249999999989,0.020893603342976515,0.44791707412478027,0.292232501309129,0.0626725076599733,-0.292232501309129,0.1791322554379439,233,3,train
0.01394999999999999,0.0173325,0.032663750000000005,0.0172775,0.024606249999999996,0.022694999999999993,0.0174975,0.018353488884603718,0.16883888014725523,0.04040590893475339,0.1406932076130611,-0.04040590893475339,0.12931517074080973,233,3,train
0.011997499999999994,0.016534999999999994,0.03260874999999999,0.016534999999999994,0.02402875,0.022708749999999986,0.0173325,0.018748881947406825,0.16189670283175678,0.028242845680663622,0.15148973736481997,-0.028242845680663622,0.13426778634533104,233,3,train
0.014829999999999996,0.020247499999999988,0.034492499999999995,0.02105875,0.032663750000000005,0.022502499999999995,0.017359999999999987,0.02880624726955003,0.30592968340038523,0.18419323408787094,0.027231270358306043,-0.18419323408787094,0.12900595798055844,422,3,train
0.014692499999999997,0.018831249999999994,0.03358499999999999,0.01960125,0.03053249999999999,0.02156749999999999,0.017291249999999994,0.02714070149325065,0.2768760291696072,0.1720729366602688,0.047607907357585695,-0.1720729366602688,0.11004599993566436,422,3,train
0.003197500000000006,0.008518749999999992,0.025568749999999987,0.012629999999999988,0.02435875,0.01851499999999999,0.014706250000000004,0.028296191127004478,0.24708818635607305,0.13630134989358314,0.02423514095438364,-0.13630134989358314,0.11464800391315759,422,3,train
0.0032662499999999983,0.00935749999999999,0.025940000000000005,0.013028749999999992,0.024441249999999998,0.018845,0.01546249999999999,0.027634978557920263,0.22501018074742374,0.12928470357215044,0.0297481702022083,-0.12928470357215044,0.09859360198207422,422,3,train
0.00938499999999999,0.01520125,0.0281125,0.014788750000000003,0.02935,0.020742499999999997,0.014554999999999998,0.036255452012023515,0.33697756519758576,0.1718321105953986,-0.021535784207091624,-0.1718321105953986,0.17529570082867058,422,3,train
0.008408750000000006,0.015022499999999994,0.027700000000000002,0.014967499999999995,0.029459999999999986,0.020481250000000006,0.015022499999999994,0.035993825727047936,0.3245658404990726,0.17978624884238942,-0.03079076277116837,-0.17978624884238942,0.15375136429250466,422,3,train
0.015050000000000008,0.01931250000000001,0.030917499999999987,0.019449999999999995,0.036142499999999994,0.021540000000000004,0.014444999999999986,0.0414001009425855,0.4289103039288365,0.2531530360161226,-0.07791529973158379,-0.2531530360161226,0.19716548561900848,422,3,train
0.01485750000000001,0.019697499999999993,0.0325675,0.021127499999999994,0.03604624999999999,0.021828750000000008,0.015173749999999986,0.03674279367143475,0.4075068332682548,0.24565874730021567,-0.05070047913136929,-0.24565874730021567,0.179852712654551,422,3,train
0.013427500000000009,0.01901,0.03204499999999999,0.02093500000000001,0.0354825,0.022227499999999983,0.014389999999999986,0.03570753570753569,0.4229284675923609,0.22968289724484528,-0.05090518677575818,-0.22968289724484528,0.21403700416467547,422,3,train
0.021815,0.030037499999999995,0.06457750000000001,0.04937,0.1542,0.08861249999999998,0.06301000000000001,0.2139145464136205,0.4198241333271948,0.27011583011583024,-0.40965135811497977,-0.27011583011583024,0.16885686491121024,437,3,train
0.02099000000000001,0.0294875,0.06058999999999998,0.042440000000000005,0.1433375,0.06548500000000002,0.0324025,0.21434329980020325,0.6312450210538295,0.3728166265608351,-0.4057692071937332,-0.3728166265608351,0.3379645000638489,436,3,train
0.02910249999999999,0.0368025,0.064825,0.049191250000000006,0.048696249999999996,0.026847499999999996,0.018460000000000004,-0.0011588977594643535,0.4502373196835736,0.2892198229502772,0.14207692392393492,-0.2892198229502772,0.18512387573801228,440,3,train
0.028800000000000006,0.03590874999999999,0.06240499999999999,0.04745875000000001,0.04593249999999999,0.02439999999999999,0.01649375,-0.003595001975631764,0.4715764602230631,0.3061529165037501,0.1520479981539172,-0.3061529165037501,0.19333639003515185,440,3,train
0.023877499999999996,0.028469999999999995,0.05245,0.04832500000000001,0.2378825,0.16016750000000002,0.08809,0.36056535475906515,0.45952495992760123,0.1952392915462881,-0.6386901225319246,-0.1952392915462881,0.29033362536882074,1266,3,train
0.022529999999999994,0.024152499999999993,0.042137499999999994,0.0383425,0.1082475,0.0718375,0.04810500000000001,0.15102724669367965,0.38465966326090073,0.20218230280145486,-0.4396050137979187,-0.20218230280145486,0.1978656439543947,1263,3,train
0.028524999999999995,0.03157750000000001,0.05891249999999998,0.054485000000000006,0.28477,0.2062025,0.11190499999999998,0.4187460620668274,0.4357849625007879,0.16002423761004947,-0.6571690441032059,-0.16002423761004947,0.2964328096634001,1264,3,train
0.005314999999999986,0.01400499999999999,0.040047499999999986,0.020962499999999995,0.06102999999999997,0.027700000000000002,0.017607499999999998,0.0925973002516714,0.5521856620569066,0.37563394567789904,-0.20758823674902918,-0.37563394567789904,0.22275561441262492,1129,3,train
0.006525000000000003,0.014747499999999997,0.037105,0.017744999999999983,0.07802500000000001,0.02541750000000001,0.012932499999999986,0.1403311097169051,0.7156364236044309,0.5085675616888609,-0.3554243029618693,-0.5085675616888609,0.3255541069100398,1128,3,train
0.02341,0.029171249999999996,0.05629999999999999,0.0369125,0.05042875000000002,0.030628749999999996,0.019422499999999995,0.03208622479289212,0.4438896941715434,0.2442710421614289,0.055010950657624735,-0.2442710421614289,0.22389550710521722,861,3,train
0.02341,0.029171249999999996,0.05629999999999999,0.0369125,0.05042875000000002,0.030628749999999996,0.019422499999999995,0.03208622479289212,0.4438896941715434,0.2442710421614289,0.055010950657624735,-0.2442710421614289,0.22389550710521722,859,3,train
0.017896250000000002,0.02495,0.051405000000000006,0.035345,0.07918,0.041505,0.026008749999999997,0.09925280199252802,0.5054841891361956,0.31217632680117663,-0.21269671095455062,-0.31217632680117663,0.2295273185091926,853,3,train
0.013056250000000005,0.024207499999999993,0.05231250000000001,0.030725000000000002,0.0679875,0.035097500000000004,0.022406250000000003,0.08699839486356341,0.5042522298278366,0.31905708881020517,-0.13029925187032412,-0.31905708881020517,0.22070299763058931,852,3,train
0.0204125,0.027260000000000006,0.05456749999999999,0.0414225,0.19831,0.1313475,0.06787749999999998,0.3156956925937403,0.4900023479690069,0.20312748837808933,-0.5684274006188768,-0.20312748837808933,0.31858451499560814,855,3,train
0.02005499999999999,0.023629999999999984,0.049892500000000006,0.03534499999999999,0.18005,0.10995250000000001,0.05041499999999999,0.2977726470188781,0.5624932202286682,0.2417134335048835,-0.5660436848342519,-0.2417134335048835,0.3712566448937598,934,3,train
0.018625000000000003,0.02291499999999999,0.04200000000000001,0.0296525,0.09103250000000002,0.04222000000000001,0.02704000000000001,0.1398706572416905,0.5419763281034957,0.3663158289713139,-0.3685753481292165,-0.3663158289713139,0.21917412647993062,932,3,train
0.017717499999999997,0.021705000000000002,0.0385625,0.028414999999999996,0.05530999999999997,0.027370000000000005,0.015655000000000002,0.06325184322856028,0.5587965898682447,0.3379293662312527,-0.17840688167461158,-0.3379293662312527,0.2722835560720512,934,3,train
0.011254999999999987,0.018707500000000002,0.034025,0.0249225,0.027961250000000007,0.018212500000000006,0.012918749999999993,0.007324477675257201,0.3679672211350297,0.2111318660494328,0.09782411421887906,-0.2111318660494328,0.1700461754667742,1181,3,train
0.01086999999999999,0.0172225,0.0355375,0.023877499999999996,0.058252499999999985,0.03163250000000001,0.018047499999999994,0.0801395068535306,0.5269331585845347,0.2961561995883627,-0.24218999893378812,-0.2961561995883627,0.2734500805152982,1176,3,train
0.013977500000000004,0.020384999999999986,0.037957500000000005,0.025692500000000007,0.030395000000000005,0.021292499999999992,0.01604,0.011395441823270687,0.30914181113384315,0.17610640870616714,0.11063969862111844,-0.17610640870616714,0.1406951048014463,524,3,train
0.013647500000000007,0.020384999999999986,0.03955249999999999,0.027067499999999994,0.03198999999999999,0.021155000000000007,0.015847499999999987,0.011815805455073526,0.3374444734779203,0.20387618778812652,0.10570639829471995,-0.20387618778812652,0.143436254307142,528,3,train
0.012575000000000003,0.018982499999999985,0.03705,0.02552750000000001,0.030780000000000002,0.021210000000000007,0.015985,0.012607094295784858,0.316369079439752,0.184073860357761,0.09243697478991593,-0.184073860357761,0.14047587041269005,527,3,train
0.030450000000000005,0.036390000000000006,0.066915,0.053769999999999984,0.09375499999999998,0.05104750000000002,0.034684999999999994,0.08742183742183741,0.4599034568670196,0.294936206211909,-0.16705047613120047,-0.294936206211909,0.1908552765870589,443,3,train
0.028414999999999996,0.03672,0.061195,0.051102499999999995,0.05803249999999999,0.031219999999999998,0.024757499999999988,0.015905476028175398,0.40192052180215015,0.30041175317218,0.02652492084460391,-0.30041175317218,0.11544817114019046,445,3,train
0.024812499999999987,0.026256249999999995,0.032223749999999995,0.016782499999999992,0.0263525,0.015710000000000002,0.01069125,0.0257223318624299,0.42277712164670156,0.2530163447251114,0.10023260280403738,-0.2530163447251114,0.19009516594858206,233,3,test
0.02405625,0.02518374999999999,0.03137124999999999,0.01682375,0.024482500000000004,0.015888749999999993,0.01173624999999999,0.020444118186823283,0.3519240724762731,0.21286806824163265,0.12333549672134791,-0.21286806824163265,0.15031674208144818,233,3,test
0.021430000000000005,0.022612500000000008,0.034135,0.017607499999999998,0.0385075,0.020852499999999996,0.012657499999999988,0.05361400736487155,0.5052281833284475,0.29742250673854453,-0.06019203634236159,-0.29742250673854453,0.24455386451805466,233,3,test
0.019972500000000004,0.02385000000000001,0.03419,0.01713999999999999,0.0356475,0.020439999999999986,0.012245000000000006,0.04821607680183411,0.48864644777365956,0.27113884555382245,-0.020869876499015578,-0.27113884555382245,0.25072663301208453,233,3,test
0.024441249999999998,0.030174999999999993,0.06140124999999999,0.042522500000000005,0.23823999999999998,0.10676250000000001,0.048916249999999994,0.3861638632664134,0.659305691587768,0.38109144136636686,-0.5901682428570832,-0.38109144136636686,0.37157447628529916,448,4,train
0.021155000000000007,0.024785,0.050937500000000024,0.032594999999999985,0.29786,0.13407000000000002,0.06196499999999999,0.5071823669211518,0.6555825748627806,0.379204963767277,-0.7079250854722294,-0.379204963767277,0.36781697145917835,446,4,train
0.031192499999999984,0.036087499999999995,0.06361499999999998,0.046097499999999986,0.32978749999999996,0.18324000000000001,0.10238999999999998,0.5309698073973421,0.5261669105865068,0.28565232857887723,-0.67659076899613,-0.28565232857887723,0.28305850225816626,458,4,train
0.02506,0.031082499999999985,0.062212500000000004,0.039415000000000006,0.4040925,0.1729275,0.08129750000000002,0.6477564697492207,0.6650219411195121,0.40061869605906203,-0.7331682053591534,-0.40061869605906203,0.360428754056446,458,4,train
0.018955,0.022639999999999993,0.046564999999999995,0.028662500000000007,0.3242875,0.14380500000000002,0.0628725,0.5571680315123873,0.6752117987395392,0.38557015974406766,-0.7488759007961385,-0.38557015974406766,0.3915883441593788,453,4,train
0.028085,0.032017500000000004,0.057730000000000004,0.03787499999999999,0.30253500000000005,0.1305775,0.053962500000000024,0.5130446835051659,0.6972629541581638,0.3970273312361107,-0.679513691310563,-0.3970273312361107,0.4151674433727104,449,4,train
0.028799999999999992,0.03397,0.057867500000000016,0.04334750000000001,0.07670500000000002,0.0324575,0.0175525,0.07707263762517157,0.627562793411665,0.40533608152982953,-0.13998030801240968,-0.40533608152982953,0.2980403919216157,448,4,train
0.031027499999999986,0.03432750000000001,0.0598475,0.05566749999999998,0.10035499999999997,0.052917500000000006,0.033695,0.0949259869381842,0.4972771353972397,0.3094977898840299,-0.25285185936549043,-0.3094977898840299,0.22193678741521145,441,4,train
0.028799999999999992,0.034052499999999986,0.059242499999999976,0.049287499999999984,0.07854749999999999,0.0478025,0.02693000000000001,0.06537795091738048,0.4893697708041998,0.24333201424614165,-0.14010450685826273,-0.24333201424614165,0.2792961562907702,438,4,train
0.028937500000000005,0.0328425,0.06537500000000002,0.04122999999999999,0.217285,0.19179249999999998,0.08547749999999998,0.3612581398760821,0.43534949011188645,0.06231704261417465,-0.5374301280690581,-0.06231704261417465,0.3834349190319905,433,4,train
0.027370000000000005,0.033695,0.0628725,0.043704999999999994,0.15491500000000002,0.18810749999999998,0.07818999999999998,0.23876437663840547,0.3291435190150363,-0.09676478948173942,-0.4226252654537107,0.09676478948173942,0.4127620424525203,430,4,train
0.025499999999999995,0.031439999999999996,0.060177499999999995,0.044007500000000005,0.170095,0.17039749999999998,0.0783275,0.2630461722048834,0.369400919803963,-8.884189813284679E-4,-0.47733663377085844,8.884189813284679E-4,0.3701678560659363,437,4,train
0.023712499999999997,0.02990000000000001,0.06020500000000001,0.038947499999999996,0.07920749999999999,0.053027500000000005,0.03303500000000001,0.09245459367974333,0.41136378822638464,0.19798086739516757,-0.1363041334170177,-0.19798086739516757,0.23230210602759616,433,4,train
0.025857500000000005,0.03209999999999999,0.06177250000000001,0.046867500000000006,0.20430500000000001,0.18777749999999999,0.07928999999999997,0.31620051254860376,0.440822299405843,0.04215311828505488,-0.5356803938702069,-0.04215311828505488,0.40621752927630667,439,4,train
0.025224999999999997,0.030340000000000006,0.056520000000000015,0.040514999999999995,0.14911249999999998,0.12436249999999999,0.08182,0.23311137871596893,0.291394671603174,0.09050187402870462,-0.4502814487009591,-0.09050187402870462,0.20633419422113897,437,4,train
0.0262975,0.032704999999999984,0.06078250000000002,0.040982500000000005,0.3341325,0.217835,0.09251749999999997,0.5490769737926487,0.5663072776280325,0.2106962819368894,-0.6921742653482394,-0.2106962819368894,0.4037908507261905,437,4,train
0.026737499999999997,0.03325500000000001,0.06122250000000001,0.04048750000000001,0.31848499999999996,0.192315,0.0804725,0.5297218554151207,0.596586102529718,0.24700469851213777,-0.6775280972854104,-0.24700469851213777,0.40999862530357883,437,4,train
0.029459999999999986,0.034574999999999995,0.0680425,0.05096499999999998,0.24076999999999998,0.1973475,0.09810000000000002,0.3686256916404965,0.4210169091391978,0.09911153971251999,-0.5593280712406395,-0.09911153971251999,0.33592262584723165,433,4,train
0.031275,0.04078999999999999,0.0706,0.05877500000000002,0.247095,0.20969500000000002,0.11391250000000003,0.3638836932494473,0.36891892827711326,0.08187569780424261,-0.555548560726483,-0.08187569780424261,0.29598356033157447,434,4,train
0.01968375,0.024166249999999986,0.05456749999999999,0.032361249999999994,0.3210975,0.13015125,0.053756250000000005,0.5411025618561216,0.7131881433759165,0.4231507566502954,-0.7094885070475024,-0.4231507566502954,0.4153990457159169,446,4,train
0.01796500000000001,0.025115,0.05451250000000002,0.0352625,0.31851250000000003,0.1431175,0.061387499999999984,0.5277720844435335,0.6768228481179259,0.37994714381647643,-0.7077273641176864,-0.37994714381647643,0.3996479303684508,444,4,train
0.02142999999999999,0.028456250000000002,0.053605000000000014,0.038741250000000005,0.09007000000000001,0.0509375,0.030175000000000007,0.11569955926929208,0.4981080294398935,0.2775206992535859,-0.2538019836436401,-0.2775206992535859,0.25597164432115876,446,4,train
0.0234925,0.029143749999999996,0.05695999999999998,0.03930500000000001,0.15413125,0.06056249999999999,0.03159125,0.24506552883797086,0.659801585699094,0.43582428459142386,-0.4603281756112583,-0.43582428459142386,0.3143795016480609,445,4,train
0.019876249999999998,0.027067499999999994,0.0535775,0.03744874999999999,0.26708750000000003,0.11789999999999998,0.05141875000000001,0.44545978299139016,0.6771256451011558,0.38751258157732404,-0.6658350615127938,-0.38751258157732404,0.39263962201469105,448,4,train
0.015778749999999994,0.02262625,0.05353625000000001,0.034684999999999994,0.33629125,0.15800875,0.07352875,0.5484929259790855,0.6411656336928409,0.36067671454582234,-0.7253336411617959,-0.36067671454582234,0.3648653025967716,447,4,train
0.012382500000000005,0.01773124999999999,0.046895000000000006,0.026929999999999996,0.33724,0.14848,0.06804249999999998,0.5679856241851943,0.6642218699302338,0.3886189574240303,-0.7558410454657867,-0.3886189574240303,0.3714971885138959,447,4,train
0.03419,0.0387825,0.07209874999999999,0.05276624999999999,0.27784000000000003,0.18850625000000001,0.10038250000000001,0.4316491746215918,0.46918811017324463,0.19156099143072342,-0.5879350314876532,-0.19156099143072342,0.3050438966557195,436,4,train
0.03336499999999999,0.03941499999999999,0.05513124999999999,0.04308624999999999,0.19230125,0.1142425,0.058046249999999994,0.3229185264536095,0.5362745783361128,0.2546414663486044,-0.5543734149717601,-0.2546414663486044,0.3261748082797049,434,4,train
0.024317499999999992,0.029253749999999995,0.04457124999999999,0.030174999999999993,0.13636625,0.10551125,0.052614999999999995,0.24178046596665226,0.44317227238151935,0.1275645729759899,-0.5073298791018999,-0.1275645729759899,0.3345190947107138,435,4,train
0.028937500000000005,0.03220999999999999,0.05910500000000002,0.036335000000000006,0.28556750000000003,0.198695,0.09317750000000002,0.4937242596587566,0.5079671018759323,0.1793913425053561,-0.6570367522793376,-0.1793913425053561,0.3615191564809976,438,4,train
0.028194999999999998,0.03636249999999999,0.06188250000000001,0.062267499999999976,0.17026000000000002,0.1438875,0.08217750000000001,0.21239196512596417,0.348927952463481,0.08394941866479924,-0.4668576413194482,-0.08394941866479924,0.2729745869550792,435,4,train
0.021017499999999995,0.0264075,0.04081750000000001,0.029679999999999984,0.06537500000000002,0.05572250000000001,0.038947499999999996,0.08536216443725429,0.25332502576146104,0.0797084993496976,-0.23125456129199334,-0.0797084993496976,0.17719446498362745,433,4,train
0.024908749999999993,0.02907499999999999,0.05870624999999999,0.04091375,0.12902375,0.11741874999999999,0.06002624999999999,0.19047619047619047,0.36496958476593494,0.04709009200929225,-0.37456719757097967,-0.04709009200929225,0.3234382484713574,440,4,train
0.021815,0.02756249999999999,0.05902249999999998,0.04106499999999999,0.23804750000000002,0.17276249999999999,0.073845,0.3854183481302126,0.5264714605192495,0.15891774786397614,-0.6026357424176122,-0.15891774786397614,0.40111310483257806,437,4,test
0.022529999999999994,0.027315000000000006,0.06169000000000002,0.041614999999999985,0.2994275,0.17059000000000002,0.0719475,0.4794709709095373,0.6125345001682936,0.2741121341226656,-0.6583383524753023,-0.2741121341226656,0.4067103025305366,436,4,test
0.03458874999999999,0.039415000000000006,0.07125999999999999,0.06284499999999998,0.310015,0.21584125,0.11774875000000001,0.4440799225281133,0.44946831048680486,0.17908648989148646,-0.6262015605534064,-0.17908648989148646,0.29405108066788566,701,5,train
0.03001000000000001,0.03892000000000001,0.07002249999999999,0.055227499999999985,0.30182000000000003,0.2214375,0.12373,0.45961987944396615,0.4184937140171543,0.15361939389306414,-0.6233754882779672,-0.15361939389306414,0.28307271107505777,701,5,train
0.022323750000000003,0.030642500000000003,0.06149750000000001,0.05257375,0.30564250000000004,0.14890625000000002,0.07964750000000001,0.4547453623632429,0.5865581769576164,0.34481725007493697,-0.6649915563545242,-0.34481725007493697,0.30303046876281836,636,5,train
0.019903749999999998,0.02735625,0.06164875,0.051680000000000004,0.28602125,0.15762375,0.08027999999999999,0.42119545070359876,0.5616722574656788,0.28941496015958706,-0.6453605430436908,-0.28941496015958706,0.3251052158698634,633,5,train
0.023080000000000003,0.031055,0.06368374999999998,0.05257375,0.29798375,0.1686925,0.08414374999999999,0.44441788428402107,0.5596037971619421,0.27704698921361437,-0.6478326086806252,-0.27704698921361437,0.33440121817975077,688,5,train
0.01982125,0.027177499999999993,0.05691874999999999,0.04476374999999999,0.27443,0.15726625000000002,0.0748625,0.4287437753478105,0.5713477959017156,0.2714032146445562,-0.656442041806405,-0.2714032146445562,0.3549915725647944,683,5,train
0.0187625,0.026256249999999995,0.055255,0.04602875000000001,0.27179,0.14390125,0.0728,0.41775436989542775,0.5774688760556023,0.30765321617907515,-0.6620954302924674,-0.30765321617907515,0.3281072444206021,683,5,train
0.020439999999999986,0.03135750000000001,0.06485249999999998,0.06224000000000002,0.24173250000000002,0.18417499999999998,0.10549750000000002,0.3251696342277533,0.3923480114045445,0.13514084631052525,-0.5769362493272666,-0.13514084631052525,0.2716084543751994,1115,5,train
0.01680999999999999,0.02792,0.06301000000000001,0.05371500000000001,0.236535,0.15145000000000003,0.08489999999999998,0.3386998165885469,0.47174389845536435,0.21929971519517497,-0.579295264484468,-0.21929971519517497,0.2815739369579016,1104,5,train
0.020659999999999984,0.029982499999999995,0.0650175,0.059077500000000005,0.2375525,0.16759249999999998,0.09911750000000003,0.3263635357893572,0.4111889981287313,0.17267891742462582,-0.5702316819248439,-0.17267891742462582,0.256739529826403,1114,5,train
0.019546249999999987,0.024523749999999997,0.061896250000000014,0.05198249999999999,0.34421124999999997,0.17435750000000003,0.08142125,0.4962523641627945,0.6174105595789795,0.32754335852285726,-0.695173076094384,-0.32754335852285726,0.36334625139891413,561,5,train
0.018102499999999994,0.025004999999999986,0.059916250000000004,0.05082750000000001,0.30106375,0.15490125,0.07627875,0.4410253676221125,0.5957054930202668,0.320556402355444,-0.6680356252423957,-0.320556402355444,0.34009213599792365,557,5,train
0.019931249999999998,0.02587125,0.06159375,0.04848999999999999,0.35130625,0.16503500000000002,0.07769499999999999,0.5227416223195933,0.6377866031858881,0.36075221571005606,-0.7016529426011141,-0.36075221571005606,0.3598236723931942,556,5,train
0.0264075,0.0324575,0.0656775,0.05393500000000001,0.3639425,0.17421999999999999,0.0900975,0.5366715225608653,0.6031296802043873,0.35253756997189517,-0.6942530608444673,-0.35253756997189517,0.3182630737654525,565,5,train
0.0264075,0.0324575,0.0656775,0.05393500000000001,0.3639425,0.17421999999999999,0.0900975,0.5366715225608653,0.6031296802043873,0.35253756997189517,-0.6942530608444673,-0.35253756997189517,0.3182630737654525,564,5,train
0.027067499999999994,0.031659999999999994,0.06444,0.05225750000000001,0.32346250000000004,0.1984475,0.09801749999999998,0.4844477629536479,0.5348889627028567,0.23953363606752126,-0.6677515612815076,-0.23953363606752126,0.33875836945339255,546,5,train
0.027425000000000005,0.0323475,0.06597999999999998,0.058362499999999984,0.34647999999999995,0.20348,0.10417749999999998,0.4953711146204693,0.5376644125527702,0.26001891046621567,-0.6800659457886826,-0.26001891046621567,0.3227696383153345,542,5,train
0.0234925,0.026269999999999988,0.05283500000000002,0.04043250000000001,0.3127925,0.15513500000000002,0.0745325,0.5012653102540742,0.6151423223391208,0.33692719491801604,-0.7109900103247156,-0.33692719491801604,0.35095300815309094,524,5,train
0.02484,0.027782499999999988,0.060755,0.0473075,0.32041000000000003,0.17287249999999998,0.08902500000000002,0.48912026320196217,0.5651324386044182,0.2990933187372348,-0.6812141723400628,-0.2990933187372348,0.32015387699386194,526,5,train
0.03145375,0.03762750000000001,0.07632,0.06291375000000002,0.31156875,0.2340325,0.12558624999999998,0.4418663747605457,0.42543834566686883,0.14211156957576618,-0.6064851068766496,-0.14211156957576618,0.3015589426302161,547,5,train
0.02615999999999999,0.029872499999999996,0.06012250000000002,0.04351250000000001,0.30792500000000006,0.16332999999999998,0.0774475,0.49148903542401484,0.5980642106014311,0.30682963575983296,-0.6732894531276533,-0.30682963575983296,0.35668822875891637,549,5,train
0.02307999999999999,0.029239999999999988,0.06798749999999998,0.05091000000000001,0.36012000000000005,0.18337750000000003,0.08759499999999998,0.5344919379373289,0.6087019644193293,0.325194688108041,-0.6823811776247789,-0.325194688108041,0.35347682882949394,497,5,train
0.025169999999999998,0.031439999999999996,0.0691425,0.05467749999999999,0.35566499999999995,0.20419500000000002,0.09823749999999998,0.5196858618855883,0.5671427233822242,0.27054978030221827,-0.6744760862272912,-0.27054978030221827,0.35035090474734043,494,5,train
0.024523749999999997,0.027768749999999995,0.06228125000000001,0.05430625,0.308365,0.15617999999999999,0.07825874999999999,0.44542425834944477,0.5951684292545402,0.32760012485335116,-0.6639315789651183,-0.32760012485335116,0.33237359438232805,483,5,train
0.02554125,0.028827500000000006,0.06009500000000001,0.04050124999999999,0.3554725,0.1845875,0.0808575,0.5696614907141224,0.6293745559553551,0.31641854608747183,-0.7107810403845344,-0.31641854608747183,0.39077775056979785,481,5,train
0.02251625,0.026311249999999994,0.05320624999999998,0.03671999999999999,0.35603625,0.1691325,0.07806624999999998,0.5788817708203505,0.6403326403326405,0.3558927487593274,-0.7399769085566628,-0.3558927487593274,0.36839284179228265,478,5,train
0.02134749999999999,0.03042249999999999,0.06819375,0.06196499999999999,0.30358,0.16762,0.07918,0.41738320776049637,0.586268157592225,0.2885398981324279,-0.633143813945982,-0.2885398981324279,0.35834683954619123,599,5,train
0.02265375,0.030009999999999995,0.07094375,0.06599374999999999,0.2821575,0.16584625,0.07883625000000002,0.3719150989817935,0.5632265101542616,0.2596211527247261,-0.598167664373887,-0.2596211527247261,0.35560369049686824,599,5,train
0.018776249999999994,0.025898749999999998,0.052724999999999994,0.0442825,0.2780325,0.14447875000000002,0.0775575,0.43303496375242634,0.5637813211845103,0.3160951335615324,-0.6811863676560622,-0.3160951335615324,0.30139785733185465,475,5,train
0.018803749999999994,0.029391250000000008,0.06670874999999998,0.05906375,0.2940375,0.15462625,0.08318124999999998,0.4113727510387229,0.5589760583215972,0.3107254597680334,-0.6301624757014107,-0.3107254597680334,0.3004320721592045,471,5,train
0.027315000000000006,0.031439999999999996,0.06375249999999999,0.06529249999999998,0.30138000000000004,0.19369000000000003,0.0959275,0.4049986790957468,0.5171120605576286,0.21752479447350878,-0.6507979979870322,-0.21752479447350878,0.33755729539824086,793,5,train
0.031219999999999998,0.03727,0.0740925,0.07439499999999999,0.31194000000000005,0.21678999999999998,0.11000749999999998,0.4015881280916429,0.4785725712322032,0.17995952565581688,-0.6161333566474325,-0.17995952565581688,0.32675433563598255,789,5,train
0.02536250000000001,0.02912999999999999,0.057784999999999975,0.04216500000000001,0.3617425,0.1926175,0.09083999999999998,0.5722037303291119,0.5985704263863496,0.30508153546431926,-0.7245234221832897,-0.30508153546431926,0.35905735427709634,1011,5,train
0.03333749999999999,0.0385625,0.07112249999999998,0.0624325,0.3215925,0.22754249999999998,0.12441750000000001,0.4604935255313951,0.44208650030268376,0.1712693599934443,-0.6377907642947176,-0.1712693599934443,0.29300204568700977,1013,5,train
0.023052500000000004,0.028359999999999996,0.0685925,0.055804999999999993,0.3603125,0.1933875,0.09086749999999999,0.5135232901107463,0.5972006737887318,0.3014719162001084,-0.6801506161037992,-0.3014719162001084,0.36066208158167845,604,5,test
0.024675000000000002,0.02844250000000001,0.07401000000000002,0.06372499999999998,0.37128500000000003,0.20713750000000003,0.10494750000000003,0.4991832034492918,0.5592593953583596,0.2837847766986934,-0.6675911474415837,-0.2837847766986934,0.32744284409696073,609,5,test
0.021897499999999986,0.02826374999999999,0.0631475,0.04543749999999999,0.34249250000000003,0.1767775,0.09011124999999998,0.5292685197434503,0.583400513749592,0.3191307027172762,-0.6886524997534762,-0.3191307027172762,0.3247279999625313,531,5,test
0.02167749999999999,0.026902499999999996,0.05931124999999998,0.04217874999999999,0.33026875000000006,0.1623675,0.07926249999999999,0.5213081470570674,0.6129111026325832,0.3408219553473786,-0.6955118332563275,-0.3408219553473786,0.3439349418532468,532,5,test
0.023506249999999992,0.029803750000000004,0.05872000000000002,0.050635,0.28819375,0.21119375,0.10850874999999999,0.43398425529135753,0.4529464775240893,0.15418888137969014,-0.6614720517707932,-0.15418888137969014,0.32118923061283544,612,5,test
0.02716375,0.034519999999999995,0.07244249999999999,0.06882624999999998,0.31528125,0.2372225,0.13291499999999998,0.41932978355059386,0.40688928120215206,0.14128184650330428,-0.6263189964504366,-0.14128184650330428,0.2818074364256527,602,5,test
0.029473749999999993,0.03626625,0.06980249999999999,0.07062749999999998,0.29379,0.23000375,0.11981125000000001,0.3859452209851473,0.4206436755208065,0.12177741716085765,-0.6160399348171374,-0.12177741716085765,0.31500221545674145,602,5,test
0.02818124999999999,0.03293875,0.07572874999999998,0.07392750000000001,0.32449374999999997,0.17587,0.08567,0.41183968468488824,0.5822644004985814,0.29703140964947994,-0.6215667534933694,-0.29703140964947994,0.3448803242333869,627,5,test
0.027603749999999996,0.03232,0.07281375000000001,0.07192000000000001,0.32454875,0.17811125000000003,0.0868525,0.4172457646364172,0.5777723086645945,0.29132515020093097,-0.6335147378023844,-0.29132515020093097,0.34441975553259646,629,5,test
0.026984999999999995,0.030395000000000005,0.05488375000000001,0.043622499999999995,0.31554250000000006,0.17445375,0.08920375,0.5038111930868628,0.5592114812675844,0.2879384281002152,-0.7036724584178362,-0.2879384281002152,0.32333614632619967,776,6,train
0.026242500000000002,0.028181250000000005,0.05383874999999999,0.04087249999999999,0.3027,0.17571875,0.08978125,0.48973566310548283,0.5424940681879709,0.2654186316903341,-0.697992153728031,-0.2654186316903341,0.32368173258003763,780,6,train
0.023354999999999987,0.026764999999999983,0.05269750000000001,0.04356750000000001,0.30019750000000006,0.16580499999999998,0.08984999999999999,0.4714464697086044,0.5392868817259437,0.2883943755666548,-0.7013417588801202,-0.2883943755666548,0.2970996068921007,595,6,train
0.018350000000000005,0.020659999999999984,0.04081750000000001,0.02610499999999999,0.2440425,0.12381249999999999,0.05723499999999998,0.43737168590918124,0.6200512816257439,0.32684073887809056,-0.7134206276767534,-0.32684073887809056,0.3677349866747678,610,6,train
0.026847499999999996,0.02853875,0.051473749999999985,0.03617000000000001,0.33541125,0.1705625,0.07687,0.5589572364196738,0.6270992192829531,0.3258049454146583,-0.7339067164661334,-0.3258049454146583,0.3786588261445041,466,6,train
0.02649,0.028002499999999986,0.05128125,0.03611500000000001,0.34374375,0.17587,0.08154499999999998,0.5695077994542418,0.6165193647845142,0.3230741103367646,-0.7403645338902601,-0.3230741103367646,0.366431637627955,466,6,train
0.025403750000000003,0.027878749999999994,0.050263749999999996,0.04145,0.2648325,0.15552000000000002,0.08217750000000001,0.42811892250852496,0.5263681161926169,0.26004960122754117,-0.6809625630263769,-0.26004960122754117,0.30855393935569364,590,6,train
0.025499999999999995,0.028167499999999984,0.052037500000000014,0.042082499999999995,0.27022250000000003,0.16063500000000003,0.08765,0.43489657052390995,0.5101607416049012,0.2543474350568343,-0.6770464842053,-0.2543474350568343,0.29395654187727815,593,6,train
0.020261249999999995,0.0220625,0.039731249999999996,0.028593749999999987,0.2611475,0.130825,0.06356,0.4587795536169613,0.6085091967386032,0.3324786815401591,-0.7358985970262107,-0.3324786815401591,0.346040075108676,552,6,train
0.022268750000000004,0.025211250000000004,0.0474175,0.041917499999999996,0.27542,0.157335,0.08245250000000001,0.436342146509417,0.5392073992832642,0.2728680200113228,-0.706245402098579,-0.2728680200113228,0.3122869207110462,550,6,train
0.02761749999999999,0.031962500000000005,0.06268000000000001,0.05561250000000001,0.31009749999999997,0.21547,0.11193249999999999,0.4531254590502677,0.46955192758808617,0.18004823357608676,-0.663713609324597,-0.18004823357608676,0.31623918571177684,550,6,train
0.024991250000000007,0.027809999999999988,0.05482875000000001,0.044323749999999995,0.28834499999999996,0.17987125,0.0895475,0.45333094921835076,0.5260689217171549,0.23167446665936936,-0.6804606995727382,-0.23167446665936936,0.3352541350592711,565,6,train
0.016727500000000006,0.020329999999999987,0.0445025,0.027755000000000002,0.30077499999999996,0.13085249999999998,0.0566025,0.519116539780808,0.6832341151863226,0.3936785770137445,-0.7422218360594015,-0.3936785770137445,0.39609506281507556,490,6,train
0.02296999999999999,0.026847499999999996,0.05442999999999998,0.03740750000000001,0.31551500000000005,0.16580499999999998,0.07904250000000002,0.5193984777048474,0.5993359649734196,0.31104047203523655,-0.705740042438741,-0.31104047203523655,0.3543532198613421,490,6,train
0.028071249999999992,0.030945,0.05383874999999999,0.039868749999999994,0.29927625,0.16920125,0.08708625,0.496416204439486,0.5491992623507715,0.27765474329076645,-0.6950639310139757,-0.27765474329076645,0.3204018924059893,543,6,train
0.02435875,0.026902499999999996,0.05554375,0.03518,0.354125,0.17269375,0.07791499999999998,0.5848183220887665,0.6393158040922139,0.34439026705104936,-0.7288357972142127,-0.34439026705104936,0.3781940973728971,537,6,train
0.021911249999999993,0.026297499999999988,0.051844999999999974,0.03918125,0.31346625,0.14742125,0.06683250000000002,0.5074380838030892,0.6485263230552295,0.36027230072414634,-0.7161598499909325,-0.36027230072414634,0.3761369404269469,537,6,train
0.021265000000000006,0.0263525,0.055035,0.03641749999999999,0.35266749999999997,0.16588750000000002,0.07937250000000001,0.5756159090226542,0.6325687436348485,0.36019322926208397,-0.730023730538812,-0.36019322926208397,0.35274810405284185,541,6,train
0.01806125,0.02209,0.04571249999999999,0.03291125,0.290435,0.1419625,0.06851000000000002,0.48691270980220885,0.6182702085277688,0.3433703941396516,-0.7280211811779056,-0.3433703941396516,0.3489885852070934,505,6,train
0.01845999999999999,0.022433750000000002,0.04352625,0.030284999999999992,0.281305,0.1365725,0.06417874999999998,0.48468371838644086,0.6284702247211339,0.3463515025336373,-0.7320070036365036,-0.3463515025336373,0.36061419293777763,506,6,train
0.025513749999999988,0.028634999999999994,0.05555750000000001,0.03637625,0.3288525,0.1884925,0.08595875,0.5487987368160333,0.5855524651272115,0.27130831456764826,-0.7109466455087015,-0.27130831456764826,0.3735954928243176,1090,6,train
0.025719999999999993,0.027438749999999998,0.05537874999999998,0.03574374999999999,0.32405375,0.18961999999999998,0.09001500000000001,0.5408277491475412,0.5652171287980559,0.2617103755058537,-0.7080969605924639,-0.2617103755058537,0.35619647039891283,1086,6,train
0.024523749999999997,0.02686124999999999,0.05202375000000001,0.03355749999999999,0.30521625,0.17455,0.079015,0.5203784378901456,0.5887112253363046,0.27235398488326346,-0.7087462210278805,-0.27235398488326346,0.376767298325873,1084,6,train
0.026324999999999987,0.027315000000000006,0.052669999999999995,0.034025,0.31909000000000004,0.183185,0.0842675,0.5405602720010012,0.5821696633879375,0.27057886615897675,-0.7166451474069293,-0.27057886615897675,0.36985072115609313,1084,6,train
0.016920000000000004,0.018501249999999997,0.03779249999999999,0.023726250000000004,0.29333624999999997,0.125765,0.05002999999999999,0.5197063266982956,0.708591045275999,0.3998347654653857,-0.7717353144358501,-0.3998347654653857,0.4308143007480304,713,6,train
0.016067499999999985,0.01702999999999999,0.03897500000000001,0.02233750000000001,0.28983000000000003,0.11729499999999998,0.0478025,0.5159445811762708,0.7168370935854813,0.4237887626650293,-0.7629293958425207,-0.4237887626650293,0.4209179424279592,713,6,train
0.016933749999999997,0.020701250000000004,0.048407500000000006,0.02901999999999999,0.31110125,0.15182125,0.06450875,0.5302431131719472,0.6565120736934587,0.34407487214382537,-0.7307019648339574,-0.34407487214382537,0.4036079138353441,943,6,train
0.017909999999999995,0.020852499999999996,0.049246250000000005,0.029033749999999997,0.321785,0.15564375000000003,0.06388999999999997,0.5463433410315627,0.6686847734491476,0.3479917160413988,-0.7345439231870631,-0.3479917160413988,0.41794826535783247,947,6,train
0.01951875,0.023657499999999998,0.050263749999999996,0.03134374999999999,0.31926875,0.16122625,0.06900500000000001,0.5412531017369727,0.6445549048834747,0.3289160136942112,-0.7279603282525894,-0.3289160136942112,0.4005592203491054,941,6,train
0.027425000000000005,0.03157750000000001,0.061992500000000006,0.05899500000000002,0.33471,0.2411275,0.12026500000000001,0.4747653638163065,0.471333589757679,0.16251546660299132,-0.6874610066737669,-0.16251546660299132,0.33443555137419834,879,6,train
0.028689999999999993,0.033062499999999995,0.06608999999999998,0.06493500000000002,0.32866,0.2512475,0.13096249999999998,0.44842000916478836,0.4301301611648691,0.1334911171178162,-0.665155161494617,-0.1334911171178162,0.3147091912822795,886,6,train
0.018405000000000005,0.02145749999999999,0.04840749999999999,0.03479499999999999,0.29918,0.18519249999999998,0.07997749999999998,0.49068544888480575,0.5781304602968425,0.23533024686579032,-0.7214658179595066,-0.23533024686579032,0.39678319568578657,825,6,train
0.01785500000000001,0.022557500000000008,0.047967499999999996,0.03187999999999999,0.30688,0.16319250000000002,0.06710749999999999,0.5173145168799728,0.6411243691299844,0.30567093373894444,-0.7296444247176604,-0.30567093373894444,0.4172166739036041,818,6,train
0.026036249999999997,0.02812624999999999,0.051624999999999976,0.041559999999999986,0.33824374999999995,0.18306125,0.09073,0.5387757751908949,0.5769904335638253,0.2976808202491823,-0.735167283861556,-0.2976808202491823,0.33723228919843123,768,6,test
0.02687500000000001,0.028304999999999997,0.05151499999999998,0.04664750000000001,0.30492749999999996,0.182855,0.09589999999999999,0.47044680424764573,0.5214899177326905,0.25026010568234813,-0.7109491713249684,-0.25026010568234813,0.3119405929938477,768,6,test
0.028579999999999994,0.032594999999999985,0.059709999999999985,0.04991999999999999,0.3556925,0.22548,0.10632249999999999,0.5418615984405457,0.5397443805937038,0.22405137889352986,-0.7125197850277744,-0.22405137889352986,0.35912176671363244,643,6,test
0.028304999999999997,0.0295425,0.055227499999999985,0.04183500000000001,0.36413500000000004,0.19220500000000001,0.09001500000000001,0.5781886710540597,0.6035891225366068,0.30903763885393826,-0.7366121195862769,-0.30903763885393826,0.3620934023102544,631,6,test
0.028910000000000005,0.032100000000000004,0.05950375000000002,0.047747499999999984,0.36450625,0.20823750000000002,0.10432875,0.5615329114787984,0.5549447033604572,0.2728423487816322,-0.7193285535718497,-0.2728423487816322,0.3324375232450721,643,6,test
0.028634999999999994,0.033585000000000004,0.06509999999999999,0.052779999999999994,0.34692000000000006,0.20909,0.10519499999999998,0.520892178825363,0.5346537938356393,0.2478912249779681,-0.6839959225280327,-0.2478912249779681,0.3305757513085258,509,6,test
0.017414999999999986,0.021485000000000004,0.046509999999999996,0.02901999999999999,0.33014499999999997,0.15142250000000002,0.06185499999999999,0.5604922094142215,0.6844132653061225,0.3711265814242032,-0.753036598478714,-0.3711265814242032,0.4199575670194935,474,6,test
0.01762124999999999,0.02209,0.04738999999999999,0.028951249999999998,0.33835375,0.15209625,0.06266625,0.5745054585933271,0.6874657124332949,0.37976857987562446,-0.7542928433707611,-0.37976857987562446,0.41641348000698436,472,6,test
0.016424999999999995,0.021430000000000005,0.04618,0.028469999999999995,0.3283025,0.14850750000000001,0.06067250000000002,0.560058764305821,0.6880390770615077,0.37707892032465756,-0.7533663121774716,-0.37707892032465756,0.4199015202218184,473,6,test
0.020316249999999994,0.02559625,0.0568775,0.041216249999999996,0.3202725,0.16760624999999998,0.07803874999999999,0.5071543878412891,0.6081519163719328,0.31291842491602684,-0.6983826063900307,-0.31291842491602684,0.3646217101915366,916,7,train
0.019780000000000006,0.02534874999999999,0.057042499999999996,0.04066625,0.3228025,0.169765,0.07896,0.5123473744662788,0.6069319560685728,0.31069345825699013,-0.699653806157775,-0.31069345825699013,0.36508191778068144,928,7,train
0.02209,0.026682499999999998,0.05910500000000002,0.03842499999999999,0.37818749999999995,0.1741375,0.07632,0.6030064912880081,0.6641639576904671,0.36943828361924586,-0.7296775041877004,-0.36943828361924586,0.39055528383059,855,7,train
0.024730000000000002,0.0321275,0.07109500000000002,0.053549999999999986,0.34362,0.19940999999999998,0.09469,0.5092650708278214,0.5679313727726951,0.26556543837357055,-0.6571380345538501,-0.26556543837357055,0.3560693641618497,863,7,train
0.026269999999999988,0.03157750000000001,0.06397249999999999,0.04139499999999999,0.34042999999999995,0.19121500000000002,0.08880500000000002,0.5529621154335114,0.586217340151665,0.2806666102380347,-0.6836196611049635,-0.2806666102380347,0.3657238768659381,929,7,train
0.027204999999999993,0.03175625,0.06452250000000001,0.044777499999999984,0.34847375,0.19707249999999998,0.09595500000000001,0.5505865577808025,0.5681872516123225,0.27752229989666327,-0.6875395357706031,-0.27752229989666327,0.34507853358473173,928,7,train
0.01859749999999999,0.020907499999999996,0.05115750000000002,0.029817499999999997,0.3344075,0.16533750000000003,0.07483499999999998,0.5613501596472557,0.6342755212374083,0.3383125393950915,-0.7346361832635223,-0.3383125393950915,0.37682290853449096,1395,7,train
0.020742499999999997,0.02385000000000001,0.06229499999999999,0.03512499999999999,0.35230999999999996,0.17589749999999998,0.08423999999999998,0.572873206977391,0.6140648264803574,0.3339833304146571,-0.6994971117087349,-0.3339833304146571,0.3523425111719764,1387,7,train
0.017153749999999995,0.020302499999999987,0.049878749999999986,0.029831250000000004,0.27081374999999996,0.15607,0.07418875,0.4643091791535086,0.5699234063521278,0.2687939046637404,-0.6889309852896467,-0.2687939046637404,0.3556053787315357,1220,7,train
0.016314999999999996,0.020082500000000003,0.047087500000000004,0.02990000000000001,0.2609825,0.14738,0.07158999999999999,0.447916333514568,0.5694773320103136,0.27819033334353666,-0.6943064887850163,-0.27819033334353666,0.3461204731241724,1236,7,train
0.02408375,0.03111,0.06863375,0.05119874999999999,0.326405,0.18699375000000001,0.09141750000000001,0.4913440955242641,0.5624098750067313,0.2715457526922299,-0.6525214298597289,-0.2715457526922299,0.3432916234527161,828,7,train
0.021883749999999993,0.030505000000000004,0.06879874999999999,0.057730000000000004,0.29465625000000006,0.18581124999999998,0.09341125,0.4194130991441841,0.5185824631024243,0.22653977636364597,-0.6214180572560565,-0.22653977636364597,0.3309188908486959,823,7,train
0.029515,0.03777875,0.079235,0.06939000000000001,0.3178525,0.24165,0.12553124999999998,0.4281320930849677,0.43375800308423573,0.13619688920067377,-0.6009191928731072,-0.13619688920067377,0.31624368074350206,1143,7,train
0.0280575,0.0366925,0.078685,0.06725875,0.30969875,0.232135,0.12025125,0.42147132503394336,0.4406268170717525,0.14315045897380888,-0.5948079702098762,-0.14315045897380888,0.31750316591524214,1150,7,train
0.033928749999999994,0.04243999999999999,0.07660875,0.07845125,0.26784375,0.242365,0.1491125,0.3333785131327995,0.2847570938197952,0.049937893068278415,-0.5551854029220284,-0.049937893068278415,0.23820653805135666,1023,7,train
0.0294875,0.04035,0.07643,0.07678750000000001,0.302095,0.24988625,0.14001,0.38574899242909333,0.3666210515601498,0.0945842816218848,-0.596169341523017,-0.0945842816218848,0.28180894276361984,1014,7,train
0.03361249999999999,0.041614999999999985,0.07255250000000002,0.07365250000000001,0.260735,0.24517,0.14449250000000002,0.3363492534361712,0.2868573825813894,0.030766645911781843,-0.5646251359561939,-0.030766645911781843,0.2583710262085779,1028,7,train
0.024042499999999994,0.03001000000000001,0.05880249999999998,0.042330000000000007,0.38170750000000003,0.21373750000000002,0.10263749999999999,0.6014718783507164,0.5761802021286481,0.2820915449789653,-0.7330253569726001,-0.2820915449789653,0.3511655472145398,1621,7,train
0.022007499999999985,0.026077500000000003,0.052202499999999985,0.03914000000000001,0.36166000000000004,0.2016925,0.0993925,0.5755508661726456,0.5688451965882411,0.2839563150957882,-0.7477302244102813,-0.2839563150957882,0.339771160967833,1636,7,train
0.019065,0.025169999999999998,0.05201,0.034822500000000006,0.2631275,0.17048000000000002,0.08509250000000002,0.44476588449587484,0.5112716099017862,0.21366673777552275,-0.6699218595057713,-0.21366673777552275,0.33410284752858777,1267,7,train
0.018845,0.025032499999999985,0.050937500000000024,0.037489999999999996,0.25240250000000003,0.1649525,0.0834975,0.4166266832997473,0.5028431080678774,0.20953385007966843,-0.6641557328410364,-0.20953385007966843,0.32785268665727507,1271,7,train
0.01983499999999999,0.02803,0.0690325,0.05223,0.28686,0.19066500000000003,0.09298499999999998,0.4219918490088237,0.510405560162698,0.20144495052615038,-0.6120598214348434,-0.20144495052615038,0.34436805922792185,1136,7,train
0.021237499999999992,0.027892499999999987,0.06829000000000002,0.0504425,0.30688,0.17914249999999998,0.08825499999999997,0.45781251534224243,0.5532919128905311,0.2628221944457304,-0.6359517018951408,-0.2628221944457304,0.3398965958918839,1137,7,train
0.022474999999999995,0.0296525,0.07101249999999998,0.05508999999999997,0.31832,0.195065,0.09411249999999999,0.46133233085605785,0.5436222897080129,0.24008297866123865,-0.6352089794712746,-0.24008297866123865,0.34910219501863043,1136,7,train
0.023162500000000003,0.02745249999999999,0.060067499999999996,0.0396625,0.33531500000000003,0.1979525,0.09449750000000001,0.540539181674661,0.5602850079976734,0.2575864833315363,-0.6961549891560704,-0.2575864833315363,0.35375277825269275,1330,7,train
0.024455000000000005,0.027150000000000007,0.060012500000000024,0.03991,0.31848499999999996,0.20298500000000003,0.09680749999999999,0.5142340805717999,0.5337864276383513,0.2214892515389187,-0.6828909041671344,-0.2214892515389187,0.35416996756089636,1340,7,train
0.0204125,0.02912999999999999,0.06958249999999999,0.048022499999999996,0.35142999999999996,0.19382749999999999,0.09072999999999998,0.5337584178341976,0.5896055726433871,0.2890423332095386,-0.6694516196074939,-0.2890423332095386,0.36230814510248377,956,7,train
0.0205225,0.030175000000000007,0.06939000000000001,0.04722499999999999,0.34576500000000004,0.19561499999999998,0.091445,0.5320421085648194,0.581688433475904,0.27734678044996136,-0.6657152147992919,-0.27734678044996136,0.3628858078450498,973,7,train
0.018955,0.025279999999999997,0.06441249999999998,0.0474725,0.24027500000000002,0.16025,0.07725500000000002,0.3609154929577465,0.5134003086322552,0.19980026215592037,-0.5771897435897437,-0.19980026215592037,0.34944527483631915,888,7,train
0.02210374999999999,0.02983124999999999,0.0717825,0.06008125,0.27601125000000004,0.18670499999999998,0.09125249999999999,0.3821054731791351,0.5030682990085464,0.19300435201919114,-0.5872122486387408,-0.19300435201919114,0.3434068157901838,896,7,train
0.02442749999999999,0.03377749999999999,0.0804725,0.07202999999999998,0.29610000000000003,0.2062025,0.10574499999999998,0.37979285720944544,0.47370254700195363,0.17897083928509216,-0.5726055407657225,-0.17897083928509216,0.3220333549715899,891,7,train
0.022062499999999985,0.026902499999999996,0.059462499999999974,0.04117499999999999,0.2956325,0.17116750000000003,0.07846500000000001,0.47441063975964154,0.5805104284310908,0.2666345329905741,-0.6650896239034626,-0.2666345329905741,0.3713558931629496,957,7,train
0.025142499999999998,0.029776250000000004,0.06433,0.045630000000000004,0.32878375000000004,0.18864375,0.09254499999999999,0.5132416495112578,0.5606993351391284,0.27083987611791027,-0.6727155944049273,-0.27083987611791027,0.3417588719321097,965,7,train
0.028304999999999997,0.03505625,0.07165875,0.059751250000000006,0.27741375,0.19954750000000002,0.10944375,0.3963266552834374,0.43419088424032104,0.16325487657540314,-0.5894334271533851,-0.16325487657540314,0.29160615389594363,876,7,test
0.025829999999999992,0.034052499999999986,0.06900500000000001,0.05932499999999999,0.28459124999999996,0.1949275,0.10317375000000001,0.4065744803351267,0.46785424161541134,0.18698695306492177,-0.6096960869918727,-0.18698695306492177,0.30779391230328623,876,7,test
0.023066249999999996,0.030560000000000004,0.06610374999999999,0.050896250000000004,0.316065,0.20196750000000002,0.10410875,0.4761540284828253,0.5044490523265672,0.2202516251393493,-0.6540598884655012,-0.2202516251393493,0.3197201677686524,972,7,test
0.025362499999999996,0.032265,0.0685375,0.054746249999999996,0.31643625000000003,0.21262375,0.11548,0.4663288608364125,0.465266703903824,0.1962206555022115,-0.6439367619220792,-0.1962206555022115,0.2960763173234076,982,7,test
0.02610499999999999,0.0324025,0.06999499999999997,0.05564000000000002,0.30492749999999996,0.204745,0.10274749999999999,0.44651213192918837,0.49593426136015206,0.19656249846715285,-0.6266161673412506,-0.19656249846715285,0.3317072774132703,1038,7,test
0.029349999999999987,0.03630749999999999,0.07546750000000002,0.06113999999999997,0.30039,0.22338999999999998,0.11702000000000001,0.4287868781358122,0.4393042811624062,0.14700828592157017,-0.5984249349820077,-0.14700828592157017,0.3124761317235098,1047,7,test
0.024812499999999987,0.030972499999999986,0.07123249999999998,0.047032500000000005,0.306,0.17158,0.08666000000000001,0.4774822281489895,0.5586003157948352,0.2814606976841576,-0.6223416593215061,-0.2814606976841576,0.3288413878562577,899,7,test
0.024633749999999996,0.031632499999999994,0.07289625,0.047183749999999997,0.31097749999999996,0.18222249999999998,0.09108750000000002,0.4860456632110175,0.5469016203847635,0.2610604217356042,-0.6202071644648793,-0.2610604217356042,0.3334491968826606,900,7,test
0.025224999999999997,0.03221,0.07117749999999998,0.05316500000000002,0.30550499999999997,0.19062375,0.09838875,0.4561724467069678,0.5127988487071167,0.23155531704219914,-0.6220822576042159,-0.23155531704219914,0.3191384455689633,910,7,test
0.012685000000000002,0.01663125,0.03717374999999999,0.0220625,0.270085,0.11345875,0.04534125,0.48528121990196454,0.712508074391399,0.40836605993449254,-0.7580296736870796,-0.40836605993449254,0.4289515113350126,631,8,train
0.013317499999999996,0.017140000000000002,0.037957500000000005,0.022667500000000007,0.27707000000000004,0.11787249999999999,0.04827000000000001,0.4951295225861701,0.7032642773713653,0.4030903232749072,-0.7590210378459024,-0.4030903232749072,0.4189325428472545,645,8,train
0.012767500000000001,0.01668625,0.037325,0.022392499999999996,0.27166625,0.11739124999999997,0.04705999999999999,0.48653044136354123,0.7046995658500046,0.3965352165168389,-0.7584073982677503,-0.3965352165168389,0.42767233450642667,643,8,train
0.023354999999999987,0.026792499999999997,0.050387499999999974,0.033310000000000006,0.2741,0.146885,0.06463249999999998,0.4728729896417269,0.6183861896924565,0.30218416333123516,-0.689433337185562,-0.30218416333123516,0.38886853333648524,283,8,train
0.022612500000000008,0.025747500000000006,0.049644999999999995,0.032072500000000004,0.284385,0.15860000000000002,0.06867499999999999,0.49137220038345775,0.6109726392114655,0.2839486664334006,-0.7027512498877346,-0.2839486664334006,0.39566604333956673,284,8,train
0.022694999999999993,0.024977499999999986,0.049122499999999986,0.029707499999999998,0.27927,0.15054250000000002,0.0628725,0.4911936954003702,0.6324776956969684,0.2994968736367602,-0.7008305609902785,-0.2994968736367602,0.4107958672070849,283,8,train
0.022021249999999992,0.02386374999999999,0.04998875,0.03148125,0.34956,0.16191375,0.07031125000000002,0.5849318047344758,0.6650818554497359,0.366873666537139,-0.7497739637528585,-0.366873666537139,0.3944558079448809,661,8,train
0.021622500000000003,0.023987499999999995,0.046729999999999994,0.03072499999999999,0.33484749999999996,0.15035,0.066695,0.5676929868689876,0.6678060230237147,0.38025237145698393,-0.7550694157805427,-0.38025237145698393,0.38542698518740354,652,8,train
0.0143075,0.017112500000000003,0.040185,0.02291499999999999,0.27313750000000003,0.12378499999999998,0.049644999999999995,0.4878454164298659,0.6923934847769009,0.37627622520769183,-0.743491131342307,-0.37627622520769183,0.42749236002998325,501,8,train
0.014252500000000001,0.017304999999999987,0.03836999999999999,0.02313499999999999,0.24310750000000003,0.11820249999999999,0.04950750000000001,0.439196608978301,0.6616202176921893,0.3457003681049515,-0.7273671963123163,-0.3457003681049515,0.40960586727088416,476,8,train
0.014692499999999997,0.017304999999999987,0.039635000000000004,0.022557500000000008,0.2608725,0.12122749999999999,0.04810500000000001,0.47044645183705375,0.6886181032599461,0.3654671551949752,-0.7362129064998377,-0.3654671551949752,0.43182791253893954,507,8,train
0.007487499999999994,0.010952500000000004,0.026943750000000002,0.01700249999999999,0.1573625,0.06699750000000002,0.03170125,0.2980716446500111,0.6646501510733814,0.4027678730611516,-0.7076197904303297,-0.4027678730611516,0.35761597791258765,1317,8,train
0.0068000000000000005,0.011461249999999992,0.029267500000000002,0.018872499999999987,0.1786475,0.07310249999999999,0.03243,0.3312296544607684,0.692719498762303,0.419245283018868,-0.71846668109564,-0.419245283018868,0.3854026010944495,1315,8,train
0.0068000000000000005,0.011474999999999985,0.03069749999999999,0.019463750000000002,0.17362875000000003,0.07471125,0.03484999999999999,0.32001735377730084,0.6656733599947238,0.398314810340662,-0.6995246572576946,-0.398314810340662,0.36382617029287284,1324,8,train
0.00949499999999999,0.01313874999999999,0.028511250000000002,0.019656249999999986,0.19787000000000002,0.08807625,0.04209625,0.3660120752074192,0.649148578185474,0.38396639228526347,-0.7481129731371303,-0.38396639228526347,0.353223607136684,1620,8,train
0.008779999999999996,0.012134999999999993,0.028923749999999998,0.0188725,0.20750875000000002,0.0902075,0.041615,0.3834908033767541,0.6659090110838488,0.394003518450874,-0.7553318600446216,-0.394003518450874,0.36862068311555307,1621,8,train
0.01796500000000001,0.02005499999999999,0.03636249999999999,0.021842499999999987,0.29434,0.12758000000000003,0.052037500000000014,0.5343161572805901,0.6995330239406428,0.3952408039438755,-0.7800893552362016,-0.3952408039438755,0.42057427589182567,682,8,train
0.017469999999999986,0.01832249999999999,0.03443750000000001,0.020714999999999983,0.254465,0.1124,0.046262499999999984,0.47076285736439266,0.6923294344547806,0.387240538072588,-0.7615977708742568,-0.387240538072588,0.4168439297250454,680,8,train
0.016424999999999995,0.019065,0.036555000000000004,0.022007499999999985,0.29475250000000003,0.126425,0.052559999999999996,0.5311241538856997,0.6973330933957171,0.3996592885422417,-0.779328871214808,-0.3996592885422417,0.41268821409615336,679,8,train
0.006964999999999999,0.009605000000000002,0.024097499999999994,0.014279999999999987,0.158105,0.06785000000000002,0.02901999999999999,0.3068600530404375,0.6898329993319974,0.39943794118297876,-0.7354866151671904,-0.39943794118297876,0.40084649530298366,926,8,train
0.005975000000000008,0.008202500000000001,0.023877499999999996,0.013812500000000005,0.1531825,0.06818000000000002,0.0295975,0.29664836515610915,0.6761407156143998,0.3839968377661075,-0.7302891675138371,-0.3839968377661075,0.3945948710081564,943,8,train
0.007061250000000005,0.009783749999999994,0.0249225,0.01319374999999999,0.16205125,0.06448125000000002,0.029501249999999993,0.31866107013133815,0.6919773952310724,0.430710825157538,-0.7334117757171796,-0.430710825157538,0.3721969515601311,843,8,train
0.007047499999999998,0.009536249999999996,0.024743749999999995,0.013564999999999994,0.1653375,0.06630999999999998,0.029913750000000003,0.3228637116164246,0.6935871089173565,0.4274922025923009,-0.7396508072205966,-0.4274922025923009,0.37824601514698797,841,8,train
0.011364999999999986,0.0143625,0.027425000000000005,0.020274999999999987,0.17224,0.09870499999999999,0.04727999999999999,0.3202846975088969,0.5692419825072887,0.27140194504419723,-0.7252898605163649,-0.27140194504419723,0.3522622187211015,1601,8,train
0.011144999999999988,0.01400499999999999,0.027232499999999993,0.02005499999999999,0.16299999999999998,0.09477249999999998,0.04587749999999999,0.3032884449319672,0.5607233905040035,0.2646810656683704,-0.7136924552849803,-0.2646810656683704,0.3476359758265198,1609,8,train
0.012052499999999994,0.014609999999999984,0.027700000000000002,0.02099000000000001,0.1688575,0.09510249999999998,0.046674999999999994,0.3118981878929905,0.5668866644241588,0.279417335959994,-0.7181486333515638,-0.279417335959994,0.34157394509001776,1597,8,train
0.02244750000000001,0.02307999999999999,0.045107499999999995,0.027315000000000006,0.26114750000000003,0.13912999999999998,0.06171749999999998,0.46694124107633167,0.6176885075805678,0.30483227261087636,-0.7054252175474686,-0.30483227261087636,0.38542924358032843,575,8,train
0.020632499999999998,0.02296999999999999,0.04799500000000001,0.028085,0.2594975,0.1386075,0.06257000000000001,0.46071217397017267,0.6114479107640478,0.3036636063350121,-0.6878297844662877,-0.3036636063350121,0.37796224726920247,571,8,train
0.023190000000000002,0.024221249999999986,0.04837999999999999,0.02837374999999999,0.2752275,0.14351625,0.06324375000000002,0.4883123806622532,0.6262976545275263,0.3145390229704921,-0.7009958051034048,-0.3145390229704921,0.38823998839233886,499,8,train
0.022928749999999998,0.024042499999999994,0.0479125,0.027603749999999996,0.278555,0.14001,0.060906249999999995,0.49639892511722533,0.6411593370377326,0.33099996416327215,-0.7064792054339253,-0.33099996416327215,0.3937150429594421,481,8,train
0.022928749999999998,0.024042499999999994,0.0479125,0.027603749999999996,0.278555,0.14001,0.060906249999999995,0.49639892511722533,0.6411593370377326,0.33099996416327215,-0.7064792054339253,-0.33099996416327215,0.3937150429594421,485,8,train
0.01828125,0.021017499999999995,0.0403225,0.023313750000000008,0.35950125,0.1419625,0.05639624999999998,0.6263962616056238,0.7287973599264242,0.4338075284604321,-0.7982986253317869,-0.4338075284604321,0.43137118982651396,1006,8,train
0.017717499999999997,0.019752499999999992,0.03523499999999999,0.022337499999999996,0.303085,0.13127875000000003,0.05540624999999999,0.5445206575424297,0.6908920371138766,0.3955354239390371,-0.791706077086782,-0.3955354239390371,0.4064199051878835,1002,8,train
0.007762499999999992,0.01212125,0.031467499999999995,0.019518749999999987,0.22002125,0.08381374999999999,0.035949999999999996,0.40221990522372836,0.7191090796329667,0.4482943044744681,-0.7497502373366604,-0.4482943044744681,0.3996513970212189,1066,8,train
0.006635000000000002,0.01097999999999999,0.0295425,0.01713999999999999,0.20042749999999998,0.07769500000000001,0.033475000000000005,0.37530689010518725,0.7137696262331527,0.4412893599043586,-0.7430751837196156,-0.4412893599043586,0.39776918233336334,1079,8,train
0.0075425000000000075,0.011749999999999997,0.028098749999999992,0.018845,0.15575375,0.07691124999999999,0.03810875,0.2898892499039234,0.6068476368560191,0.33886704059484674,-0.6943337729973759,-0.33886704059484674,0.33735437315249517,1211,8,train
0.007941249999999997,0.012437500000000004,0.02907499999999999,0.01973875,0.16363250000000001,0.0778325,0.03930499999999999,0.30260707635009315,0.6126393594086851,0.3553310003520179,-0.6982473437722975,-0.3553310003520179,0.32890833422260174,1206,8,train
0.0189,0.021595000000000003,0.04631750000000001,0.025967500000000004,0.3258825,0.14539999999999997,0.05877500000000002,0.5681391956657638,0.694403462820821,0.3829603263435414,-0.7511149919398172,-0.3829603263435414,0.42426839720827697,434,8,train
0.018405000000000005,0.019945000000000004,0.04230250000000001,0.023794999999999997,0.29963375000000003,0.13389125000000002,0.05305499999999999,0.5334067196324305,0.6991398222937365,0.38231359206504817,-0.7525708374002463,-0.38231359206504817,0.43240369892415614,438,8,train
0.010017499999999985,0.011887499999999995,0.02792,0.017827499999999996,0.20144499999999999,0.0806925,0.0351525,0.37649566384356004,0.702849776519194,0.42799167072792516,-0.7565452444793234,-0.42799167072792516,0.39311148517415506,901,8,train
0.010594999999999993,0.013152499999999984,0.028744999999999993,0.019642500000000007,0.18909750000000003,0.0680425,0.03146750000000001,0.3506036846956541,0.714664611339061,0.4707746752741697,-0.7360937374479269,-0.4707746752741697,0.3675509998995075,915,8,train
0.008587499999999998,0.011089999999999989,0.025115,0.01551749999999999,0.1736975,0.06721749999999999,0.027865,0.3341000441439558,0.7235100775193798,0.44198161177178685,-0.747349889971707,-0.44198161177178685,0.4138774222385822,908,8,train
0.012410000000000004,0.015875,0.03377749999999999,0.028579999999999994,0.23208,0.12230000000000002,0.05212,0.3960692800102764,0.6332160450387051,0.30978046165133466,-0.7458977083588014,-0.30978046165133466,0.4023621144364179,1117,8,train
0.012162499999999993,0.016149999999999998,0.03388749999999999,0.027480000000000004,0.2405775,0.12397750000000002,0.051212499999999994,0.41480204697771017,0.648977004009733,0.3198419991496481,-0.7530650538320006,-0.3198419991496481,0.41534904960328795,1125,8,train
0.012272499999999992,0.015957499999999986,0.03617000000000001,0.0295975,0.236205,0.12994499999999998,0.0563825,0.3991308690247245,0.6145939248942623,0.29020893076607956,-0.7344102799449287,-0.29020893076607956,0.3948021628584078,1131,8,train
0.020563749999999992,0.02167749999999999,0.0415875,0.02581625,0.24517000000000003,0.12257499999999999,0.0539625,0.4431438127090301,0.6392067060583522,0.3333695903411332,-0.7099465576314483,-0.3333695903411332,0.3886568009629682,384,8,test
0.018955,0.021705000000000002,0.04358124999999999,0.025637500000000008,0.28450875,0.13464749999999998,0.05482875000000001,0.5073733116302133,0.67684827052713,0.3575307537463655,-0.7343335670090524,-0.3575307537463655,0.42125992043857724,387,8,test
0.02082500000000001,0.022309999999999997,0.04139499999999999,0.02912999999999999,0.328,0.15574,0.06977499999999998,0.5594909600098843,0.6491735277480989,0.3561003845040725,-0.7758767714776864,-0.3561003845040725,0.38119415559940595,538,9,train
0.020632499999999998,0.02244750000000001,0.04274249999999999,0.02890999999999999,0.3296775,0.1545025,0.06193749999999998,0.5633273242338399,0.6836816771574123,0.3617972654797803,-0.7704607700982763,-0.3617972654797803,0.4276704860469415,539,9,train
0.017937499999999995,0.019504999999999995,0.040267499999999984,0.022832500000000006,0.310015,0.13085249999999998,0.05228499999999997,0.5519672720353497,0.7113717913331494,0.4063862725195212,-0.7700855737868723,-0.4063862725195212,0.4290082588219236,538,9,train
0.021595000000000003,0.02610499999999999,0.05387999999999998,0.043292499999999984,0.2564175,0.14685749999999997,0.07021499999999997,0.40352813762652573,0.570067277444835,0.2716756555700206,-0.652720373190245,-0.2716756555700206,0.3530732819680062,480,9,train
0.021732499999999988,0.024922499999999986,0.051844999999999974,0.03960749999999999,0.28785,0.157995,0.07667750000000001,0.46363160111349655,0.5793047163794226,0.291255929751371,-0.6947555895729994,-0.291255929751371,0.34651482385025933,482,9,train
0.022694999999999993,0.024730000000000002,0.053769999999999984,0.037709999999999994,0.26662,0.18156250000000002,0.08811750000000002,0.43771822809305466,0.5031960252299235,0.1897831798430327,-0.6643465776085397,-0.1897831798430327,0.3465032631266686,482,9,train
0.025912500000000005,0.030092499999999994,0.055255,0.04840749999999999,0.28774,0.1753475,0.09276499999999999,0.4423919563250409,0.5124111378299891,0.24270251302399656,-0.6778087144127466,-0.24270251302399656,0.3080143596438063,524,9,train
0.03366749999999999,0.034272499999999984,0.06518249999999998,0.05597000000000002,0.2938175,0.20766,0.10494750000000003,0.4332081141998497,0.4736373553345955,0.17180730940072086,-0.6368662952646241,-0.17180730940072086,0.3285669729613012,531,9,train
0.021182500000000007,0.024551249999999997,0.047183749999999997,0.03361249999999999,0.31381,0.154475,0.076705,0.5261527180339889,0.607159776192976,0.3402521968459378,-0.7385896570231478,-0.3402521968459378,0.33640453326412323,663,9,train
0.024235000000000007,0.028112499999999985,0.054595000000000005,0.04037750000000001,0.31763250000000004,0.16489749999999997,0.0805825,0.513795317643941,0.5952814434413571,0.31652954220462987,-0.7066578906716995,-0.31652954220462987,0.34346993645103463,662,9,train
0.01947750000000001,0.023354999999999987,0.046619999999999995,0.029267500000000002,0.32700999999999997,0.15508,0.06782250000000001,0.5607404031406019,0.6564492537974963,0.35663465328050775,-0.7504483044723389,-0.35663465328050775,0.39146039187537146,657,9,train
0.020082500000000003,0.02484,0.048077499999999995,0.04002,0.24745250000000002,0.139845,0.085725,0.3985185654810964,0.48540942890801453,0.27784196902897645,-0.6746354008053328,-0.27784196902897645,0.23992552201090572,655,9,train
0.02257125,0.026503749999999993,0.05062124999999999,0.0368025,0.26149125,0.13726,0.07395499999999999,0.4376389298052973,0.5590649768778158,0.3115507474898198,-0.675621770996035,-0.3115507474898198,0.2997182965225008,647,9,train
0.018735,0.0236025,0.05049749999999997,0.03419,0.359845,0.16231250000000003,0.07213999999999998,0.5865686575592166,0.6660069215366275,0.378300608532866,-0.7538763350128248,-0.378300608532866,0.38460882268263313,583,9,train
0.016122499999999984,0.01865249999999999,0.03938749999999999,0.025279999999999997,0.26574000000000003,0.13005499999999998,0.05742750000000002,0.47055784568027464,0.6445960686021954,0.3428163569524629,-0.7418292353196616,-0.3428163569524629,0.3873828223967568,588,9,train
0.01604,0.018157499999999993,0.04334750000000001,0.02767249999999999,0.281855,0.12097999999999998,0.048435000000000006,0.48444919651561374,0.7067122831451149,0.39935705685950834,-0.7334122585158477,-0.39935705685950834,0.4282088362895846,495,9,train
0.018267499999999992,0.022474999999999995,0.05129499999999998,0.029679999999999984,0.32063,0.1452075,0.06444,0.5468378506894913,0.6653076064092244,0.3765744492446401,-0.7241648181757075,-0.3765744492446401,0.38525381891031374,498,9,train
0.016122499999999984,0.018102499999999994,0.04367750000000001,0.027095000000000008,0.30836500000000006,0.132255,0.059902500000000025,0.5266572608467298,0.6746794110259525,0.39968680495665204,-0.7518623461655909,-0.39968680495665204,0.3765270676398266,494,9,train
0.016149999999999998,0.019559999999999994,0.046015,0.029679999999999984,0.3162025,0.13027499999999997,0.05363249999999997,0.5315490888312961,0.7099652547757785,0.4164319590572874,-0.7459261355401107,-0.4164319590572874,0.41674483096121706,495,9,train
0.019449999999999995,0.021952499999999986,0.041614999999999985,0.0293225,0.282955,0.12969750000000002,0.05937999999999999,0.4899231888831048,0.6530883491316986,0.37139602934672633,-0.7435684135933697,-0.37139602934672633,0.3718977667887508,462,9,train
0.019367499999999996,0.022928749999999998,0.0464275,0.03204499999999999,0.3008025,0.12971125,0.06100249999999999,0.5085839478354088,0.6627879658932299,0.39741181321154084,-0.7325835901275811,-0.39741181321154084,0.3602716112498444,459,9,train
0.021801250000000008,0.024963749999999993,0.048311249999999986,0.035564999999999986,0.30351125,0.15789875,0.07256625,0.5037821795488273,0.6140888513670719,0.3155815868750136,-0.7253657739342994,-0.3155815868750136,0.3702622957932875,492,9,train
0.021416249999999998,0.026146249999999996,0.05383874999999999,0.038919999999999996,0.3095475,0.166905,0.0779425,0.5022891646207949,0.5977057472450902,0.2993845136713523,-0.7036830645078068,-0.2993845136713523,0.36333840451709737,490,9,train
0.01862499999999999,0.020893750000000003,0.04327874999999999,0.027576249999999997,0.30964375,0.1337675,0.06437124999999999,0.5348678344032082,0.65578252209136,0.3966436350002395,-0.7547407716991692,-0.3966436350002395,0.35024067730315256,571,9,train
0.01796500000000001,0.020728750000000004,0.04413125,0.026091249999999996,0.32591,0.13556875000000002,0.060603749999999984,0.5648466197277959,0.6864083101830141,0.4124594036020076,-0.7614792945381088,-0.4124594036020076,0.38213816921332006,580,9,train
0.020371249999999994,0.02434499999999999,0.0463725,0.032375,0.26876500000000003,0.14001,0.07601749999999999,0.4615450699082924,0.5590408445904304,0.31497767720628717,-0.7056998929038912,-0.31497767720628717,0.2962238603881451,583,9,train
0.016754999999999992,0.021072499999999994,0.044749999999999984,0.030752499999999988,0.32365499999999997,0.1480125,0.0653475,0.5423613162102432,0.6640252954672528,0.37238626786878465,-0.757060843365318,-0.37238626786878465,0.38744375703037115,492,9,train
0.015352499999999991,0.019559999999999994,0.04585,0.02979000000000001,0.32954,0.14144,0.061634999999999995,0.5503716270803037,0.6848724995206749,0.39938001613656626,-0.755720717120861,-0.39938001613656626,0.3929828880955313,494,9,train
0.035771250000000004,0.03857624999999999,0.06010874999999999,0.05139125,0.2831475,0.18170000000000003,0.11189125,0.4449413168467903,0.43351759795716244,0.21823823942260626,-0.6497733107554488,-0.21823823942260626,0.23777530835813404,504,9,train
0.0342725,0.038328749999999995,0.05672624999999998,0.04811875,0.263375,0.1680325,0.10508500000000001,0.42553480659979886,0.4295988709764968,0.22100334370635655,-0.6455730803925321,-0.22100334370635655,0.23047772478878134,507,9,train
0.034203750000000005,0.03604625,0.05513124999999999,0.044639999999999985,0.27262875,0.1674825,0.10761499999999999,0.44875368751522376,0.4339683426749289,0.23890834419706378,-0.6635876861117892,-0.23890834419706378,0.2176228428102764,504,9,train
0.019724999999999993,0.022983749999999997,0.04663375,0.031522499999999995,0.31016625,0.142155,0.06470125000000002,0.5249809592398204,0.6548046976598396,0.37144231008381756,-0.7386000560538115,-0.37144231008381756,0.3744327280418164,498,9,train
0.015586249999999996,0.019009999999999985,0.044323749999999995,0.02710875,0.32732625,0.14021625,0.05623124999999998,0.5570295837457776,0.7067910287245067,0.40019891239833816,-0.7614758509350196,-0.40019891239833816,0.42751880273355486,499,9,train
0.01509125,0.018831249999999994,0.044488749999999994,0.025857500000000005,0.324645,0.14060124999999998,0.05841750000000001,0.558040873348091,0.694997552618698,0.3955835216296747,-0.7589559339941145,-0.3955835216296747,0.4129447602298777,496,9,train
0.02459249999999999,0.031275,0.05528250000000001,0.04711499999999999,0.28598,0.1839,0.10472749999999997,0.44761198029394184,0.46390842254115944,0.21724695666978802,-0.6760118676971539,-0.21724695666978802,0.27430684879299455,474,9,train
0.0173875,0.02162249999999999,0.04978250000000001,0.032952499999999996,0.32310500000000003,0.14878249999999998,0.06807000000000002,0.5338980477882017,0.6519716239534734,0.36941537972504046,-0.7329891723375013,-0.36941537972504046,0.37219999769428513,470,9,train
0.021677500000000002,0.026682499999999984,0.05526874999999998,0.04052875,0.34048500000000004,0.14711875,0.0742575,0.5420091233440336,0.6419103419591675,0.3965643209265721,-0.7206912126543338,-0.3965643209265721,0.3291285763490889,457,9,train
0.01694749999999999,0.022694999999999993,0.047775,0.037256250000000005,0.24996875,0.12148875,0.0595175,0.40802869652371143,0.615378712301435,0.34588075351823555,-0.6790864627720986,-0.34588075351823555,0.34237077448983116,455,9,train
0.013207499999999983,0.016947500000000004,0.0384525,0.02250250000000001,0.3428225,0.12469249999999998,0.04967250000000001,0.5928640504911691,0.7468884953948457,0.4665732650289296,-0.7982951937577863,-0.4665732650289296,0.43024689587933346,620,9,train
0.013867499999999991,0.016878749999999998,0.0398275,0.02130625,0.36046375,0.12597124999999998,0.05004375,0.6226680870614488,0.7561859405735584,0.4820633794854401,-0.8010073914930691,-0.4820633794854401,0.4313694855552083,633,9,train
0.020604999999999984,0.021815,0.042330000000000007,0.02453749999999999,0.33790000000000003,0.13709500000000002,0.05731750000000002,0.5928103215066072,0.7099445242176775,0.4227518184401941,-0.7773452910080739,-0.4227518184401941,0.41035170063653303,615,9,train
0.01939500000000001,0.020866250000000003,0.04102375,0.02285999999999999,0.360725,0.13625625,0.05491125000000002,0.6296928415107299,0.7357725655546165,0.45166442395965645,-0.7957741001060988,-0.45166442395965645,0.42551688963866746,618,9,train
0.021264999999999992,0.02088000000000001,0.040597499999999995,0.023382499999999987,0.37201375000000003,0.13862125,0.05675374999999999,0.6428948142438412,0.7352702805133319,0.4570632643669157,-0.8032167082211161,-0.4570632643669157,0.41902751119641723,654,9,train
0.018102499999999994,0.020219999999999988,0.04144999999999999,0.028057499999999985,0.29192,0.14369500000000002,0.0650175,0.5040873366116084,0.6356925232008405,0.3402660606269297,-0.7513273539910611,-0.3402660606269297,0.37696592202192014,496,9,test
0.017002500000000004,0.019532500000000008,0.03820499999999999,0.02396000000000001,0.297145,0.13104500000000002,0.05575000000000002,0.5276240452947237,0.6840419954944104,0.3879119082650225,-0.7721485015655286,-0.3879119082650225,0.4030889477769747,496,9,test
0.02167749999999999,0.024881249999999994,0.04512125,0.03265,0.29928999999999994,0.12797875,0.06083749999999999,0.5094069003199554,0.6621335499232911,0.40094495560463983,-0.7379803940783002,-0.40094495560463983,0.35559042190489437,570,9,test
0.022131250000000005,0.024496249999999997,0.04538249999999999,0.030587500000000004,0.32545625,0.14211375,0.060287499999999994,0.5562472440536405,0.6874220256323013,0.3921177577688902,-0.7552440245254844,-0.3921177577688902,0.4042773945319014,573,9,test
0.017304999999999987,0.020962499999999995,0.0415325,0.027947499999999986,0.3099875,0.12345499999999998,0.04950750000000001,0.5339831099726137,0.7245719690120865,0.43035119998615745,-0.7636976558944013,-0.43035119998615745,0.42753487027534853,581,9,test
